runner,label,rank,predict_h,control_h,tail20_count,tail20_fraction
horizon_20260528,Horizon DDQN,1,10,4,460,0.0575
horizon_20260528,Horizon DDQN,2,14,2,152,0.019
horizon_20260528,Horizon DDQN,3,12,12,148,0.0185
horizon_20260528,Horizon DDQN,4,9,4,144,0.018
horizon_20260528,Horizon DDQN,5,12,7,136,0.017
horizon_20260528,Horizon DDQN,6,8,2,136,0.017
horizon_20260528,Horizon DDQN,7,4,3,132,0.0165
horizon_20260528,Horizon DDQN,8,11,7,132,0.0165
horizon_20260528,Horizon DDQN,9,10,7,128,0.016
horizon_20260528,Horizon DDQN,10,4,4,128,0.016
horizon_20260528,Horizon DDQN,11,8,3,120,0.015
horizon_20260528,Horizon DDQN,12,7,6,116,0.0145
horizon_20260528,Horizon DDQN,13,8,4,116,0.0145
horizon_20260528,Horizon DDQN,14,12,10,116,0.0145
horizon_20260528,Horizon DDQN,15,9,3,116,0.0145
horizon_20260528,Horizon DDQN,16,5,3,116,0.0145
horizon_20260528,Horizon DDQN,17,7,4,112,0.014
horizon_20260528,Horizon DDQN,18,9,8,112,0.014
horizon_20260528,Horizon DDQN,19,8,5,112,0.014
horizon_20260528,Horizon DDQN,20,7,2,104,0.013
dueling_20260528,Dueling horizon,1,11,11,2152,0.269
dueling_20260528,Dueling horizon,2,11,2,1432,0.179
dueling_20260528,Dueling horizon,3,6,3,1080,0.135
dueling_20260528,Dueling horizon,4,10,6,888,0.111
dueling_20260528,Dueling horizon,5,9,4,736,0.092
dueling_20260528,Dueling horizon,6,9,3,640,0.08
dueling_20260528,Dueling horizon,7,5,4,100,0.0125
dueling_20260528,Dueling horizon,8,13,2,92,0.0115
dueling_20260528,Dueling horizon,9,5,5,80,0.01
dueling_20260528,Dueling horizon,10,5,3,72,0.009
dueling_20260528,Dueling horizon,11,4,2,68,0.0085
dueling_20260528,Dueling horizon,12,4,4,44,0.0055
dueling_20260528,Dueling horizon,13,10,8,28,0.0035
dueling_20260528,Dueling horizon,14,13,3,28,0.0035
dueling_20260528,Dueling horizon,15,13,5,24,0.003
dueling_20260528,Dueling horizon,16,11,3,24,0.003
dueling_20260528,Dueling horizon,17,10,7,24,0.003
dueling_20260528,Dueling horizon,18,13,8,20,0.0025
dueling_20260528,Dueling horizon,19,5,2,20,0.0025
dueling_20260528,Dueling horizon,20,14,5,16,0.002
