key,label,batch,method,path,reward_mean,reward_tail20,reward_tail10,reward_final,reward_first20_min,reward_first20_mean,reward_best,reward_best_episode,tail20_comp_rmse,tail20_temp_rmse,tail20_comp_mae,tail20_temp_mae,tail20_band_norm_mae,tail20_outside_band_frac,tail20_comp_final_abs,tail20_temp_final_abs,tail20_sp1_comp_mae,tail20_sp1_temp_mae,tail20_sp2_comp_mae,tail20_sp2_temp_mae,tail20_du_l1_mean,tail20_du_l2_mean,tail20_input_saturation_frac,tail20_reflux_min,tail20_reflux_max,tail20_reboiler_min,tail20_reboiler_max,bc_handoff_enabled,protected_release_gate_enabled,td3_authority_ramp_enabled,authority_use_rho,append_rho_to_state,residual_authority_enabled,markov_priority_enabled,force_td3_execute,handoff_authority_first10ep_mean,handoff_authority_tail20_mean,release_released_tail20_frac,release_blocked_tail20_frac,action_saturation_tail20_mean,tail20_weight_mean_q1,tail20_weight_mean_q2,tail20_weight_mean_r1,tail20_weight_mean_r2,tail20_weight_std_mean,final_weight_q1,final_weight_q2,final_weight_r1,final_weight_r2,tail20_raw_residual_norm_mean,tail20_raw_residual_norm_q95,tail20_exec_residual_norm_mean,tail20_exec_residual_norm_q95,tail20_exec_raw_norm_ratio,tail20_exec_raw_diff_norm_mean,tail20_exec_raw_diff_norm_q95,tail20_material_projection_frac,projection_active_tail20_frac,projection_authority_tail20_frac,projection_deadband_tail20_frac,projection_headroom_tail20_frac,deadband_active_tail20_frac,tail20_rho_eff_mean,tail20_predict_h_mean,tail20_control_h_mean,tail20_unique_horizon_pairs,tail20_predict_h_std,tail20_control_h_std,tail20_source_nominal_no_markov_frac,tail20_source_warm_start_ls_frac,tail20_source_td3_accepted_frac,tail20_source_ls_fallback_frac,tail20_source_nominal_fallback_frac,tail20_source_ls_no_rl_frac,tail20_accepted_frac,tail20_fallback_frac,tail20_z_norm_mean,tail20_abs_z_q95,z_requested_projection_tail20_frac,z_requested_coord_clip_tail20_frac,z_requested_vector_projection_tail20_frac,requested_cost_guard_pass_tail20_frac,executed_cost_guard_pass_tail20_frac,tail20_requested_prediction_score_mean,tail20_requested_cost_margin_mean,tail20_requested_gain_drift_mean
baseline,OF-MPC,baseline,baseline,Distillation\Data\mpc_results_disturb_fluctuation.pickle,14.563607206485404,13.898341430270449,13.27670484592394,13.136131590145144,8.175371068496313,14.66902812276401,15.957294792918875,108.0,0.0030775036810126934,0.4720816155026293,0.0015451226693251852,0.19208502552678386,0.5833291294008227,0.16325,8.626710670916679e-05,0.0011000881374023663,0.0015079384506708942,0.1716713141597722,0.0015823068879794763,0.21249873689379553,67.44740353496678,134.81942513710825,0.0,356976.38679226197,390892.63347093697,124.54810522800814,137.79649601671824,False,False,False,False,False,False,False,False,,,,,,,,,,,,,,,,,,,,,,,,,,,,,,,,,,,,,,,,,,,,,,,,,,,
weights_20260522,Weights TD3,2026-05-22 protected gate,weights,Distillation\Results\distillation_weights_td3_disturb_fluctuation_mismatch_unified\20260522_181031\input_data.pkl,14.563605265762067,13.898386051525183,13.27683313889124,13.136432682203536,8.175496649917351,14.668946464939868,15.957298092208111,108.0,0.0030775564488459504,0.472062777805275,0.001545175919723665,0.19208129829741255,0.5833252826108166,0.16325,8.626244644642858e-05,0.001101077234807235,0.0015079946571106867,0.17167201226032613,0.0015823571823366431,0.21249058433449897,67.44731043228792,134.81924104891775,0.0,356976.331315255,390892.581357129,124.54810721495946,137.79647875733286,False,True,False,False,False,False,False,False,,,0.0,1.0,0.97121875,1.0,1.0,1.0,1.0,0.0,1.0,1.0,1.0,1.0,,,,,,,,,,,,,,,,,,,,,,,,,,,,,,,,,,,,,
residual_20260522,Residual TD3,2026-05-22 protected gate,residual,Distillation\Results\distillation_residual_td3_disturb_fluctuation_mismatch_rho_unified\20260522_180223\input_data.pkl,14.563597764179319,13.898383760981229,13.27679162628488,13.136255589022603,8.175754939675388,14.66894262845577,15.957211915863363,108.0,0.003077556023229528,0.47206259089452546,0.0015451755834806078,0.19208120491943298,0.5833250033232174,0.16325,8.627178408106978e-05,0.0010994352715556488,0.0015079934186601985,0.17167195831311302,0.0015823577483010177,0.212490451525753,67.44729934770614,134.81921823680267,0.0,356976.3255119324,390892.56286621094,124.54810589551926,137.7964687347412,False,True,False,True,True,True,False,False,,,0.0,1.0,0.347125,,,,,,,,,,0.0,0.0,4.4202019323716905e-08,7.071104970927927e-08,44202.0193237169,4.4202019323716905e-08,7.071104970927927e-08,0.0,0.99975,0.0,0.0,0.0,0.265625,0.5272748229458564,,,,,,,,,,,,,,,,,,,,,,,
horizon_20260522,Horizon DDQN,2026-05-22 protected gate,horizon,Distillation\Results\distillation_horizon_disturb_fluctuation_mismatch_unified\20260522_183427\input_data.pkl,14.484869759107273,13.698574399128969,13.749413830387308,11.939459351903476,8.175496649917351,14.477196786442372,19.237440759117064,30.0,0.0025844006185693404,0.5338052903471119,0.0010382015441666014,0.22118171166183095,0.5942297287580842,0.158125,7.414185385359179e-05,0.0015844526278705473,0.0006904255486369996,0.17292147466074162,0.0013859775396962034,0.26944194866292026,95.27712145780085,190.46752711350754,0.0,346707.54065820674,391895.0071358719,121.76515953472553,137.9054536358039,False,False,False,False,False,False,False,False,,,,,,,,,,,,,,,,,,,,,,,,,,,,,10.239,6.3195,87.0,2.865986566611923,3.1011965029646222,,,,,,,,,,,,,,,,,,
dueling_20260522,Dueling horizon,2026-05-22 protected gate,dueling_horizon,Distillation\Results\distillation_dueling_horizon_disturb_fluctuation_mismatch_unified\20260522_183355\input_data.pkl,15.946457463820826,15.827628525395554,14.791010917707387,13.30926782813399,8.175496649917351,14.519330988859604,19.86044306025976,163.0,0.002861334182411071,0.4863477567664759,0.0010451968036060124,0.20224475560800365,0.5424706621266189,0.146375,4.401202502943638e-05,0.0015693256753372964,0.0004612014055422576,0.16534564194524887,0.0016291922016697673,0.23914386927075842,79.30666485626952,158.53081328326505,0.0,355931.40247885487,392018.5603797127,124.58594715448699,138.04470973233174,False,False,False,False,False,False,False,False,,,,,,,,,,,,,,,,,,,,,,,,,,,,,9.548,5.628,68.0,2.1254872382585597,3.584078124148524,,,,,,,,,,,,,,,,,,
markov_20260522,Markov TD3,2026-05-22 protected gate,markov,Distillation\Results\distillation_markov_td3_disturb_fluctuation_unified\20260522_190448\input_data.pkl,14.767558490693602,14.130493639648076,13.466470658801374,13.2668434449748,8.043061621978326,14.725380880782572,16.015175235335462,108.0,0.0030042717667285077,0.46846520019561555,0.0014917402542392038,0.18953709288172704,0.5729353122826901,0.1560625,8.645753548255225e-05,0.0011066714859495619,0.001464529337251078,0.16837810942380674,0.0015189511712273296,0.21069607633964732,67.48858990151999,134.89968681052613,0.0,356982.64001995465,390907.1600233463,124.54864687193756,137.79457576237064,False,False,False,False,False,False,True,False,,,0.0,1.0,,,,,,,,,,,,,,,,,,,,,,,,,,,,,,0.0,0.068,0.0,0.0,0.932,0.0,0.068,0.932,0.0020730567709750626,0.0005194025015499942,1.0,0.0,1.0,-1.0,1.0,,,
weights_20260523,Weights TD3,2026-05-23 controlled authority,weights,Distillation\Results\distillation_weights_td3_disturb_fluctuation_mismatch_unified\20260523_204146\input_data.pkl,13.206685593519328,12.31541186451653,11.676330836548098,11.914305096603362,8.175496649917351,14.468701398530092,15.951403734433766,31.0,0.003209822011215857,0.5031266795279429,0.001695860182254906,0.2129398486482404,0.6460153266374281,0.1766875,8.758833460511747e-05,0.0009310687214671987,0.001674730631648049,0.18778774907948406,0.0017169897328617632,0.23809194821699675,64.72188423767875,129.36887634614956,0.0,357409.2414402841,389853.4367789134,124.72358443552115,137.53619755242948,False,True,True,False,False,False,False,False,,,0.0,1.0,1.0,0.75,0.75,0.75,1.25,0.0,0.75,0.75,0.75,1.25,,,,,,,,,,,,,,,,,,,,,,,,,,,,,,,,,,,,,
residual_20260523,Residual TD3,2026-05-23 controlled authority,residual,Distillation\Results\distillation_residual_td3_disturb_fluctuation_mismatch_rho_unified\20260523_203649\input_data.pkl,13.296771296462587,14.620427879651151,14.378098502970682,14.969001770374508,8.175754939675388,12.622616602476088,16.61042949557639,109.0,0.0033089256588605238,0.35907076194598625,0.0021730586197705967,0.15734500882626015,0.6007047061459907,0.1845625,8.622587178179833e-05,0.0011009603763483256,0.003269685031522395,0.15029157865106152,0.0010764322080187992,0.16439843900145876,62.96512832250446,125.8688122198012,0.0,355849.8239517212,386441.2498474121,124.33959811925888,136.70921385288239,False,True,True,True,True,True,False,False,,,0.0,1.0,0.3251875,,,,,,,,,,0.014951247561840108,0.028284270615259174,0.0019752786576675736,0.0061249303469732745,0.13442127193913722,0.013125348079676425,0.025526266986410542,0.983625,1.0,0.703375,0.28025,0.0,0.28025,0.5919214740393464,,,,,,,,,,,,,,,,,,,,,,,
horizon_20260523,Horizon DDQN,2026-05-23 controlled authority,horizon,Distillation\Results\distillation_horizon_disturb_fluctuation_mismatch_unified\20260523_210449\input_data.pkl,14.632832045177828,15.059300003426731,14.290126974470203,13.6047601908675,8.175496649917351,14.22732002158869,18.93529057199553,155.0,0.0025122604316633696,0.5056654739756439,0.0009645796253483964,0.20309672579343716,0.5451929488088934,0.1458125,9.374177806978357e-05,0.0013453526076006028,0.0006233182697033459,0.16606794141475612,0.0013058409809934468,0.2401255101721182,85.50223067741209,170.92454913643218,0.0,350622.8723779314,391351.152667998,124.21689510684881,137.90760867044307,False,False,False,False,False,False,False,False,,,,,,,,,,,,,,,,,,,,,,,,,,,,,9.8915,6.083,84.0,2.926726456298914,3.0196210027087838,,,,,,,,,,,,,,,,,,
dueling_20260523,Dueling horizon,2026-05-23 controlled authority,dueling_horizon,Distillation\Results\distillation_dueling_horizon_disturb_fluctuation_mismatch_unified\20260523_210709\input_data.pkl,15.946457463820826,15.827628525395554,14.791010917707387,13.30926782813399,8.175496649917351,14.519330988859604,19.86044306025976,163.0,0.002861334182411071,0.4863477567664759,0.0010451968036060124,0.20224475560800365,0.5424706621266189,0.146375,4.401202502943638e-05,0.0015693256753372964,0.0004612014055422576,0.16534564194524887,0.0016291922016697673,0.23914386927075842,79.30666485626952,158.53081328326505,0.0,355931.40247885487,392018.5603797127,124.58594715448699,138.04470973233174,False,False,False,False,False,False,False,False,,,,,,,,,,,,,,,,,,,,,,,,,,,,,9.548,5.628,68.0,2.1254872382585597,3.584078124148524,,,,,,,,,,,,,,,,,,
markov_20260523,Markov TD3,2026-05-23 controlled authority,markov,Distillation\Results\distillation_markov_td3_disturb_fluctuation_unified\20260523_224108\input_data.pkl,-17.41612941619983,-25.638471066879976,-25.467484338371015,-22.91031193601072,-2.6157994917973917,6.585090962763834,14.905398397948904,10.0,0.007426602734608726,0.9102951201971939,0.005900812876056803,0.4240161653587222,1.4727850516854597,0.403375,0.004277786903019838,0.17007653025913072,0.0038005555272929907,0.1789968162748865,0.008001070224820614,0.669035514442558,161.92516179867147,323.6814734178848,0.0059375,362612.7256385558,431783.20059053786,126.70680783571603,150.0,False,False,False,False,False,False,True,False,,,0.0,1.0,,,,,,,,,,,,,,,,,,,,,,,,,,,,,,0.0,0.0,1.0,0.0,0.0,0.0,1.0,0.0,0.019999958150737695,0.01,0.0,0.0,0.0,0.24375,0.24375,-0.05106542094328113,0.00037985159190903915,0.009999958875218887
weights_20260528,Weights TD3,2026-05-28 BC handoff,weights,Distillation\Results\distillation_weights_td3_disturb_fluctuation_mismatch_unified\20260528_194904\input_data.pkl,14.90156626977671,18.74175640552117,18.74739100249668,19.85694990842616,1.6916503973384807,10.84604731690715,22.309078821705562,160.0,0.002149211906459419,0.38933133862285296,0.0007064701165791058,0.16692924070483467,0.4357866777680064,0.1239375,7.574408003702127e-05,0.001173402220334907,0.0004008772402275339,0.16887686127303034,0.0010120629929306778,0.16498162013663908,80.50185240391785,160.93047131805133,0.0,353533.35291133093,393747.7188354988,124.3716840818169,138.25837142067147,True,False,False,False,False,False,False,False,0.55,1.0,1.0,0.0,0.05684375,1.4073659496657525,1.4005774854460447,1.3811254723647288,1.2395341309347896,0.4119851500647761,1.4481150433421135,1.1327819786965847,1.2501066252589226,1.6852117963135242,,,,,,,,,,,,,,,,,,,,,,,,,,,,,,,,,,,,,
horizon_20260528,Horizon DDQN,2026-05-28 BC handoff,horizon,Distillation\Results\distillation_horizon_disturb_fluctuation_mismatch_unified\20260528_201659\input_data.pkl,14.985772475474375,15.369993064953032,14.85866604211391,16.14574687029943,-7.779006883280392,11.977527710902311,18.544460490612217,26.0,0.0024773862669041084,0.516090287155602,0.0009383602048334225,0.20409481617927833,0.5450835760489529,0.143625,6.467459412166227e-05,0.00044246828435134944,0.000599045576048954,0.166952395016743,0.0012776748336178912,0.24123723734181365,85.31805948943231,170.5556256253597,0.0,347743.4069517274,392308.76846189663,123.10235264199282,138.0047334321233,False,False,False,False,False,False,False,False,,,,,,,,,,,,,,,,,,,,,,,,,,,,,10.001,5.905,87.0,2.8082020938671772,3.0029943389890033,,,,,,,,,,,,,,,,,,
dueling_20260528,Dueling horizon,2026-05-28 BC handoff,dueling_horizon,Distillation\Results\distillation_dueling_horizon_disturb_fluctuation_mismatch_unified\20260528_202519\input_data.pkl,15.946457463820826,15.827628525395554,14.791010917707387,13.30926782813399,8.175496649917351,14.519330988859604,19.86044306025976,163.0,0.002861334182411071,0.4863477567664759,0.0010451968036060124,0.20224475560800365,0.5424706621266189,0.146375,4.401202502943638e-05,0.0015693256753372964,0.0004612014055422576,0.16534564194524887,0.0016291922016697673,0.23914386927075842,79.30666485626952,158.53081328326505,0.0,355931.40247885487,392018.5603797127,124.58594715448699,138.04470973233174,False,False,False,False,False,False,False,False,,,,,,,,,,,,,,,,,,,,,,,,,,,,,9.548,5.628,68.0,2.1254872382585597,3.584078124148524,,,,,,,,,,,,,,,,,,
residual_20260528,Residual TD3 no-rho,2026-05-28 BC handoff,residual,Distillation\Results\distillation_residual_td3_disturb_fluctuation_mismatch_no_rho_unified\20260528_213902\input_data.pkl,4.1220448422292035,23.579962825585575,23.885761651250796,27.220764773803293,-55.38320672688091,-30.74323812316867,27.220764773803293,200.0,0.0021260518203147062,0.3102306237879639,0.0005843056670012856,0.099657874670881,0.2718751399145792,0.071375,1.345286773977647e-05,0.002027083197866375,0.00021900366117222502,0.07444327736618461,0.0009496076728303462,0.12487247197557737,103.96489585455507,207.8415111211309,0.0,352196.3572502136,391636.0807418823,124.61659610271454,137.1602612733841,True,False,False,False,False,False,False,False,0.55,1.0,1.0,0.0,0.053875,,,,,,,,,,0.006021482234655083,0.028261111784067462,0.0060214819707392585,0.028261072134180706,0.9999989012741676,4.393080616752523e-08,6.987449755943748e-08,0.0,0.99975,0.0,0.0,0.0,0.0,,,,,,,,,,,,,,,,,,,,,,,,
markov_20260528,Markov TD3,2026-05-28 BC handoff,markov,Distillation\Results\distillation_markov_td3_disturb_fluctuation_unified\20260528_230949\input_data.pkl,-7.744988240910029,-27.582118361188645,-30.014430908164723,-27.170710328239373,-13.690086344359958,-8.178594531444352,10.20631909720126,74.0,0.007781691626721127,0.9466435321193614,0.006512033286331213,0.5486731648269878,1.8105501303912406,0.6184375,0.004793017394560846,0.3701119094906389,0.00446989440532623,0.3567891805409642,0.008554172167336194,0.7405571491130113,175.0791682134655,349.9789953436635,0.065,363370.18568313733,434864.6828042835,126.4386371668825,150.0,True,False,False,False,False,False,False,True,0.55,1.0,1.0,0.0,,,,,,,,,,,,,,,,,,,,,,,,,,,,,,0.0,0.0,1.0,0.0,0.0,0.0,1.0,0.0,0.060000000000000026,0.03,1.0,0.0,1.0,0.07725,0.07725,-0.1837468869156197,0.002500842751644235,0.029999926151972403
residual_best_rho,Residual TD3 best rho-history,2026-05-07 rho reference,residual,Distillation\Results\distillation_residual_td3_disturb_fluctuation_mismatch_rho_unified\20260507_212833\input_data.pkl,18.263972574774545,18.82427456677425,18.592566953984225,17.931060751473805,8.94746660183145,15.888737467459555,23.314269474357612,82.0,0.0022874103630202867,0.4261408030822995,0.0009467735493179731,0.1966158450704639,0.5298439588683592,0.147125,8.614116749906114e-05,0.001088760557788504,0.0007818031007955679,0.20761472882406895,0.0011117439978403786,0.1856169613168589,71.86991342511028,143.6729958226769,0.0,354719.35987472534,389510.35022735596,124.32936728000641,137.2598123550415,False,False,False,True,True,True,False,False,,,,,0.140375,,,,,,,,,,0.03769214536938515,0.07065950246864967,0.0020707395404287333,0.007963752719951842,0.06023605186394687,0.03581445958848141,0.07020804013526737,0.995875,1.0,0.7165,0.279375,0.0,0.279375,0.4664328831779844,,,,,,,,,,,,,,,,,,,,,,,
markov_20260518_soft,Markov TD3 soft handoff,2026-05-18 soft handoff,markov,Distillation\Results\distillation_markov_td3_disturb_fluctuation_unified\20260518_184548\input_data.pkl,19.33419953079782,21.24724142158285,20.69220336333369,20.386346010228113,-7.8571822807562555,9.983152308687924,24.063124837770783,105.0,0.0019666842950745844,0.3489243546624265,0.0005839513777551387,0.18677455521140815,0.46377042528961965,0.09625,8.641743390605874e-05,0.0011028695102979214,0.0003371711457594898,0.26341454731908154,0.0008307316097507878,0.11013456310373476,73.13545308401757,146.20757026479922,0.0,354929.91471172764,388982.7561334642,124.9611336592207,137.0185820763037,False,False,False,False,False,False,True,False,,,,,,,,,,,,,,,,,,,,,,,,,,,,,,,,,,0.0,0.0,1.0,0.0,0.0,0.0,1.0,0.0,0.020958846280909726,0.03825037245904568,,,,0.1415,0.1415,-0.016519783435075083,0.0007778019547521249,0.009304178989562104
markov_20260518_no_safeguard,Markov TD3 no safeguard,2026-05-18 no safeguard,markov,Distillation\Results\distillation_markov_td3_disturb_fluctuation_td3_only_no_safeguard_unified\20260518_091937\input_data.pkl,18.193078577979097,21.978394021344364,22.511542565495624,22.222884766866184,-37.10031607811386,4.0418891603932625,24.298164978202802,178.0,0.0020670483527195633,0.3228379096024134,0.0007171182685504719,0.10206345964153224,0.29602656932869936,0.0804375,0.00013024629579924327,0.0030236464978621314,0.0005608795691849117,0.0862469273880606,0.0008733569679160321,0.11787999189500388,76.05304176413244,152.03587874193744,0.0,353999.1293857385,390683.95793437853,124.9230725918914,137.96970394974136,False,False,False,False,False,False,False,True,,,,,,,,,,,,,,,,,,,,,,,,,,,,,,,,,,0.0,0.0,1.0,0.0,0.0,0.0,1.0,0.0,0.017018091577566587,0.045352083340623524,,,,0.0405,0.0405,-0.009374011256510429,0.0009774079472857724,0.008268314457641993
