plant,current_evidence,gap,paper_risk,priority,recommended_fix,runner_or_agent
polymer,metrics recoverable from pickle only,episode_metrics.csv not saved,tables depend on post-hoc parser rather than run-native audit trail,P1,"save per-episode reward components, IAE, RMSE, max error, input TV, source fractions, and safety fractions",OF-MPC
polymer,metrics recoverable from pickle only,episode_metrics.csv not saved,tables depend on post-hoc parser rather than run-native audit trail,P1,"save per-episode reward components, IAE, RMSE, max error, input TV, source fractions, and safety fractions",Horizon SG-DQN
polymer,metrics recoverable from pickle only,episode_metrics.csv not saved,tables depend on post-hoc parser rather than run-native audit trail,P1,"save per-episode reward components, IAE, RMSE, max error, input TV, source fractions, and safety fractions",Weights SG-TD3
polymer,metrics recoverable from pickle only,episode_metrics.csv not saved,tables depend on post-hoc parser rather than run-native audit trail,P1,"save per-episode reward components, IAE, RMSE, max error, input TV, source fractions, and safety fractions",Residual SG-TD3
polymer,metrics recoverable from pickle only,episode_metrics.csv not saved,tables depend on post-hoc parser rather than run-native audit trail,P1,"save per-episode reward components, IAE, RMSE, max error, input TV, source fractions, and safety fractions",Markov SG-TD3
polymer,"learning losses may exist, but compact replay state/source coverage is unavailable",standalone replay snapshot not saved,weak replay-coverage argument for why RL saw informative states,P1,"save compact replay audit rows for state range, tail-steady range, source mix, and reward component range",Markov SG-TD3
polymer,metrics recoverable from pickle only,episode_metrics.csv not saved,tables depend on post-hoc parser rather than run-native audit trail,P1,"save per-episode reward components, IAE, RMSE, max error, input TV, source fractions, and safety fractions",Combined SG
distillation,metrics recoverable from pickle only,episode_metrics.csv not saved,tables depend on post-hoc parser rather than run-native audit trail,P1,"save per-episode reward components, IAE, RMSE, max error, input TV, source fractions, and safety fractions",OF-MPC
distillation,metrics recoverable from pickle only,episode_metrics.csv not saved,tables depend on post-hoc parser rather than run-native audit trail,P1,"save per-episode reward components, IAE, RMSE, max error, input TV, source fractions, and safety fractions",Horizon SG-DQN
distillation,metrics recoverable from pickle only,episode_metrics.csv not saved,tables depend on post-hoc parser rather than run-native audit trail,P1,"save per-episode reward components, IAE, RMSE, max error, input TV, source fractions, and safety fractions",Weights SG-TD3
distillation,metrics recoverable from pickle only,episode_metrics.csv not saved,tables depend on post-hoc parser rather than run-native audit trail,P1,"save per-episode reward components, IAE, RMSE, max error, input TV, source fractions, and safety fractions",Residual SG-TD3
distillation,metrics recoverable from pickle only,episode_metrics.csv not saved,tables depend on post-hoc parser rather than run-native audit trail,P1,"save per-episode reward components, IAE, RMSE, max error, input TV, source fractions, and safety fractions",Markov SG-TD3
distillation,"learning losses may exist, but compact replay state/source coverage is unavailable",standalone replay snapshot not saved,weak replay-coverage argument for why RL saw informative states,P1,"save compact replay audit rows for state range, tail-steady range, source mix, and reward component range",Markov SG-TD3
distillation,metrics recoverable from pickle only,episode_metrics.csv not saved,tables depend on post-hoc parser rather than run-native audit trail,P1,"save per-episode reward components, IAE, RMSE, max error, input TV, source fractions, and safety fractions",Combined SG
distillation,input_data.pkl exists but does not expose final per-agent exploration/config provenance,combined agent_config_snapshot missing,harder to prove Markov/residual param-noise settings in the archived run,P0,rerun this combined case once after the config snapshot guard and archive the resulting bundle,Combined SG
distillation,tail fallback fraction 0.999,tail Markov branch mostly fallback,combined success should not be interpreted as causal Markov success without ablation,P0,inspect solver/source codes and run no-Markov combined ablation under the same disturbance and seed,combined Markov
