plant,family,role,label,timestamp,status,tail_reward,tail_reward_delta_vs_ofmpc,final_reward,worst_postwarm_reward,first_live_reward,tail_mae_y1,tail_mae_y2,tail_total_variation_u,tail_policy_fraction,tail_supervisor_fraction,tail_fallback_fraction,tail_gate_advantage,tail_action_authority,replay_size,replay_capacity,has_config_snapshot,has_agent_config_snapshot,path,actor_loss_finite_frac,critic_loss_finite_frac,disturbance_profile,episodes,first_live_policy_fraction,negative_postwarm_episodes,notebook_source,postwarm_iae_y1,postwarm_iae_y2,replay_available,run_mode,steps,tail_action_authority_q95,tail_max_abs_y1,tail_max_abs_y2,tail_mean_abs_du_u1,tail_mean_abs_du_u2,tail_projection_fraction,tail_rmse_y1,tail_rmse_y2,tail_sg_policy_fraction
polymer,OF-MPC,baseline,OF-MPC,20260608_143324,ok,-3.8083887915889925,0.0,-3.842742005706073,-4.383576817919515,-4.337589009319041,0.052421023625968434,0.12871606726289145,18257.830104117762,nan,nan,nan,nan,nan,,,False,False,Polymer/Results/mpc_offsetfree_disturb_unified/20260608_143324/input_data.pkl,nan,nan,"['qi', 'qs', 'ha']",200,nan,190,,9211.226682656616,32645.761496417654,False,disturb,160000,nan,1.0997432319934912,2.978516426673366,0.13986787087872718,1.0013178347352338,nan,0.1816250037021924,0.44748736407661616,
polymer,horizon,standalone,Horizon SG-DQN,20260608_151338,ok,-2.662389419624189,1.1459993719648036,-2.5171581346795,-4.383159775743923,-3.317801271309387,0.046119304361853325,0.117830120786394,38485.80249190504,0.18675,0.06325,nan,0.8386657973029651,nan,150000,150000,True,False,Polymer/Results/horizon_sg_dqn_critic_warm3_default_ofmpc_eps02_002_disturb_mismatch/20260608_151338/input_data.pkl,nan,nan,"['qi', 'qs', 'ha']",200,0.0713125,190,RL_assisted_MPC_horizons_unified.py,6615.727974550675,19249.64675545719,True,disturb,160000,nan,1.0984755112128393,2.976438285052268,0.573704433647773,1.8318085666588109,nan,0.15138326328846996,0.3587261910788936,
polymer,weights,standalone,Weights SG-TD3,20260608_152025,ok,-2.69917917529627,1.1092096162927225,-2.700834952585644,-4.581067561673467,-3.487710102430743,0.04590603157863998,0.11283378425405623,29718.303441682616,0.1006875,0.8993125,nan,1.6157772454250467,0.10537217098787102,150000,150000,True,False,Polymer/Results/sg_td3_weights_critic_warm3_conservative_disturb_mismatch/20260608_152025/input_data.pkl,1.0,1.0,"['qi', 'qs', 'ha']",200,0.1925,190,RL_assisted_MPC_weights_unified.py,7062.859356183711,23361.571047155514,True,disturb,160000,1.0842195108095027,1.0978732244789886,2.9367284886991456,0.27812416561159437,1.5793858938722871,nan,0.1517546348829138,0.35644702203919415,
polymer,residual,standalone,Residual SG-TD3,20260610_131706,ok,-2.9345917095983,0.8737970819906926,-2.91315676132729,-7.1055875089288225,-4.212150253504229,0.03960742433863968,0.11920389095342745,30113.23712825775,0.0681875,0.9318125,nan,0.6017825553616788,0.022872792529682773,150000,150000,True,False,Polymer/Results/sg_td3_residual_critic_warm3_conservative_disturb_mismatch/20260610_131706/input_data.pkl,1.0,1.0,"['qi', 'qs', 'ha']",200,0.0704375,190,RL_assisted_MPC_residual_unified.py,6859.785990078503,22838.932656893092,True,disturb,160000,0.34571014300381536,1.1015933461223257,2.9826497233049736,0.6489562416040895,1.2332387160968763,0.0,0.1586390855288456,0.39404870425909355,
polymer,Markov,standalone,Markov SG-TD3,20260610_170822,ok,-2.8571057520897716,0.9512830394992209,-2.8935852712966623,-4.71372297405103,-4.023062518292331,0.04062801418673413,0.093007831993925,16917.831433951047,0.395375,0.604625,0.0,0.8706736755849993,0.30350071242875276,,,False,False,Polymer/Results/sg_td3_markov_critic_warm3_ls_else_mpc_shadow_disturb_mismatch/20260610_170822/input_data.pkl,nan,nan,"['qi', 'qs', 'ha']",200,0.0375,190,RL_assisted_MPC_markov_unified.py,7558.641793352124,29322.692715512487,False,disturb,160000,1.2162359282725,1.098795527852841,2.9608663905331696,0.13795047615333922,0.9194800778782284,0.0,0.15760451250786062,0.37233141476976744,0.395375
polymer,combined,combined,Combined SG,20260611_045747,ok,-1.8178677048713396,1.9905210867176528,-1.728989436833768,-6.372780907529793,-2.9983216214698243,0.02884294634768047,0.07886012480026562,37620.26613712311,nan,nan,nan,nan,nan,,,True,True,Polymer/Results/combined_disturb_sg__h_sg_dqn_mismatch__markov_sg_td3_mismatch__w_sg_td3_mismatch__r_sg_td3_mismatch_no_rho/20260611_045747/input_data.pkl,nan,nan,"['qi', 'qs', 'ha']",200,nan,190,RL_assisted_MPC_combined_unified.py,5020.01310205246,14113.859043854321,False,disturb,160000,nan,1.095467784951817,2.918521860366809,0.6683187367312722,1.6830948601887297,nan,0.12524923890022593,0.2812116460947035,
distillation,OF-MPC,baseline,OF-MPC,Data,ok,-0.30274535595606167,0.0,-0.265065025842288,-0.33688521780888636,-0.23284226489977913,0.0015451226693251852,0.19208502552678386,1079156.3274276808,nan,nan,nan,nan,nan,,,False,False,Distillation/Data/mpc_results_disturb_fluctuation.pickle,nan,nan,['Feed flow (kg/h)'],200,nan,195,,116.67607984083659,14506.966662238512,False,disturb,80000,nan,0.015357019699362534,3.8472555577296035,134.8348490533749,0.07655580069198548,nan,0.0030775036810126934,0.4720816155026293,
distillation,horizon,standalone,Horizon SG-DQN,20260609_195213,ok,12.394335360475566,12.697080716431627,10.578257083082882,7.306893720284891,10.869128709266295,0.0009949881168322603,0.1830689628661911,1189507.161761023,0.13,0.12,nan,2.4852585633397104,nan,40000,40000,True,False,Distillation/Results/distillation_horizon_sg_disturb_fluctuation/20260609_195213/input_data.pkl,nan,nan,['Feed flow (kg/h)'],200,0.057,0,distillation_RL_assisted_MPC_horizons_unified.ipynb,78.2322841459883,13684.0705847834,True,disturb,80000,nan,0.01483566007364158,4.0691761349321,148.63580790033896,0.0711756927380595,nan,0.00267713072661733,0.47312717421436434,
distillation,weights,standalone,Weights SG-TD3,20260609_203050,ok,14.416177754294612,14.718923110250673,12.9444537976083,8.307185553129457,9.571737954422733,0.001401192698377374,0.16046077589093966,1081027.8684724437,0.589625,0.410375,nan,7.300013359198698,0.22908381478037018,40000,40000,True,False,Distillation/Results/distillation_weights_sg_disturb_fluctuation/20260609_203050/input_data.pkl,1.0,1.0,['Feed flow (kg/h)'],200,0.2895,0,distillation_RL_assisted_MPC_weights_unified.py,106.81786608033295,12818.583892234834,True,disturb,80000,0.5816758272698005,0.013814738104330747,3.0607482279434244,135.08008481494838,0.06529191619846907,nan,0.0027891389764834002,0.3534304645537986,
distillation,residual,standalone,Residual SG-TD3,20260609_203500,ok,30.36953814135701,30.67228349731307,30.665971823780946,-12.658148418978563,8.543572870169713,0.000988730657616201,0.07213705536571652,1415315.9155207872,0.487875,0.512125,nan,11.527923071405116,0.005046812632588745,40000,40000,True,False,Distillation/Results/distillation_residual_sg_disturb_fluctuation/20260609_203500/input_data.pkl,1.0,1.0,['Feed flow (kg/h)'],200,0.0225,8,distillation_RL_assisted_MPC_residual_unified.ipynb,106.01997439214787,8322.913776067766,True,disturb,80000,0.02761374833273504,0.014010343571819973,1.5651848143935894,176.8650640799323,0.07154243598060021,0.0,0.002772227633749081,0.215492936024241,
distillation,Markov,standalone,Markov SG-TD3,20260611_132048,ok,27.100231881346694,27.402977237302757,31.06916327705924,-18.522214668190795,10.088876884950313,0.001226384555452443,0.05829304894112347,1282626.8630079473,0.406625,0.593375,0.0,4.631127339489471,0.017350701475615012,,,False,False,Distillation/Results/distillation_markov_sg_disturb_fluctuation/20260611_132048/input_data.pkl,nan,nan,['d1'],200,0.021375,2,distillation_RL_assisted_MPC_markov_unified.py,111.37284139080381,7860.439018101773,False,disturb,80000,0.09053950012508834,0.014101968568866563,1.6387990534457728,160.27150108685592,0.07690033931580444,0.0,0.002975667228506608,0.16276076768281647,0.406625
distillation,combined,combined,Combined SG,20260611_095216,ok,30.131882449505092,30.434627805461155,32.45886057965637,0.9341301674148261,11.455002809953289,0.0008516710413539309,0.07019206908401271,1395862.1246877313,nan,nan,nan,nan,nan,,,True,False,Distillation/Results/distillation_combined_sg_disturb_fluctuation/20260611_095216/input_data.pkl,nan,nan,['Feed flow (kg/h)'],200,nan,0,distillation_RL_assisted_MPC_combined_unified.py,75.90670949436657,7967.401501016626,False,disturb,80000,nan,0.013401240224115341,1.6373684243607762,174.4308220116641,0.07375664663457888,nan,0.002429402127615267,0.21227942997993976,
