label,episode_window,reward_delta,bonus_delta,track_cost_delta,move_cost_delta,inside_gate_delta,mean_percentage_error_delta
latest_lifted_g0_vs_canonical_baseline,1-20,-109.31269061832185,-109.27797723112772,0.0350831473659494,-0.0003697601718228046,-0.0011250000000000038,0.08339713893786645
latest_lifted_g0_vs_canonical_baseline,21-40,-115.51327111629726,-115.48311070545499,0.030458233595664817,-0.0002978227533815254,-0.011000000000000015,0.27531991212182677
latest_lifted_g0_vs_canonical_baseline,41-60,-113.52965839969497,-113.4932515568618,0.03676323089808302,-0.0003563880649434992,-0.007875000000000016,0.3717134110898071
latest_lifted_g0_vs_canonical_baseline,61-80,-109.04103489593058,-109.01726210467814,0.024100473595262174,-0.0003276823428055178,-0.0016250000000000043,0.21920054581449017
latest_lifted_g0_vs_canonical_baseline,81-100,-110.56246726030233,-110.54269487333465,0.020013916629462523,-0.00024152966178016274,-0.002625000000000005,0.24011945421374198
latest_lifted_g0_vs_canonical_baseline,101-120,-110.81918292501157,-110.80608638088549,0.013279737734733298,-0.00018319360868485624,-0.0053750000000000134,0.2331157473810709
latest_lifted_g0_vs_canonical_baseline,121-140,-112.49239442602875,-112.47907633573445,0.01350525197536192,-0.000187161681069425,-0.009125000000000027,0.2301518018505723
latest_lifted_g0_vs_canonical_baseline,141-160,-111.90422440492065,-111.89062505153936,0.013785620957472178,-0.00018626757617611804,-0.008187500000000032,0.22989141365396898
latest_lifted_g0_vs_canonical_baseline,161-180,-110.95521627688993,-110.94189131994457,0.013511620638794098,-0.00018666369340760878,-0.006375000000000003,0.24445287227448115
latest_lifted_g0_vs_canonical_baseline,181-200,-110.34648312770483,-110.3310133615915,0.015664204085154454,-0.00019443797183551795,-0.005500000000000016,0.40354827364185974
prev_unified_proto_reward_vs_canonical_baseline,1-20,22.279898436601815,22.31241129347626,0.03284413184373103,-0.0003312749692660151,0.014875,-0.20816532136585603
prev_unified_proto_reward_vs_canonical_baseline,21-40,12.649126305494567,12.67183856345982,0.022947842513505456,-0.00023558454823035274,0.009312499999999996,-0.08641111385742058
prev_unified_proto_reward_vs_canonical_baseline,41-60,12.96122462557327,12.96637624054905,0.005165894572989415,-1.427959722395877e-05,0.009499999999999998,-0.1007406011885866
prev_unified_proto_reward_vs_canonical_baseline,61-80,22.531261220256003,22.541601103622675,0.010297878139290662,4.200522738397822e-05,0.015499999999999986,-0.1962508821830303
prev_unified_proto_reward_vs_canonical_baseline,81-100,23.08589079696618,23.097649314011747,0.011719932898397855,3.8584147194086796e-05,0.016250000000000004,-0.20582291893555063
prev_unified_proto_reward_vs_canonical_baseline,101-120,27.03645454955132,27.04128305179497,0.004798693547642241,2.9808696013418344e-05,0.019062500000000017,-0.4111747474836468
prev_unified_proto_reward_vs_canonical_baseline,121-140,26.745101919572118,26.75314876487381,0.008045501076201056,1.3442254917795867e-06,0.018625000000000003,-0.4372063619830106
prev_unified_proto_reward_vs_canonical_baseline,141-160,29.341785721807618,29.34850916181015,0.006717032424502056,6.407578022990957e-06,0.02037500000000001,-0.5732820682275849
prev_unified_proto_reward_vs_canonical_baseline,161-180,29.343073570965828,29.348447301078796,0.005359940835901744,1.3789277091074554e-05,0.020562500000000004,-0.5693585239246739
prev_unified_proto_reward_vs_canonical_baseline,181-200,27.34390749205511,27.35055594517981,0.0067853083312992,-0.0001368552065873786,0.01925,-0.5254575187564449
latest_lifted_g0_vs_prev_unified_proto_reward,1-20,-131.59258905492368,-131.59038852460398,0.0022390155222183684,-3.848520255678944e-05,-0.016000000000000004,0.29156246030372246
latest_lifted_g0_vs_prev_unified_proto_reward,21-40,-128.1623974217918,-128.15494926891478,0.007510391082159363,-6.223820515117266e-05,-0.02031250000000001,0.36173102597924733
latest_lifted_g0_vs_prev_unified_proto_reward,41-60,-126.49088302526825,-126.45962779741087,0.03159733632509361,-0.00034210846771954044,-0.017375000000000012,0.4724540122783937
latest_lifted_g0_vs_prev_unified_proto_reward,61-80,-131.5722961161866,-131.5588632083008,0.013802595455971511,-0.00036968757018949604,-0.01712499999999999,0.41545142799752044
latest_lifted_g0_vs_prev_unified_proto_reward,81-100,-133.64835805726847,-133.6403441873464,0.008293983731064668,-0.00028011380897424953,-0.01887500000000001,0.4459423731492926
latest_lifted_g0_vs_prev_unified_proto_reward,101-120,-137.8556374745629,-137.8473694326805,0.008481044187091058,-0.0002130023046982746,-0.02443750000000003,0.6442904948647177
latest_lifted_g0_vs_prev_unified_proto_reward,121-140,-139.23749634560087,-139.23222510060825,0.005459750899160865,-0.00018850590656120458,-0.02775000000000003,0.6673581638335829
latest_lifted_g0_vs_prev_unified_proto_reward,141-160,-141.2460101267283,-141.2391342133495,0.007068588532970122,-0.000192675154199109,-0.02856250000000004,0.8031734818815538
latest_lifted_g0_vs_prev_unified_proto_reward,161-180,-140.29828984785576,-140.29033862102332,0.008151679802892354,-0.00020045297049868334,-0.02693750000000001,0.813811396199155
latest_lifted_g0_vs_prev_unified_proto_reward,181-200,-137.69039061975994,-137.68156930677134,0.008878895753855254,-5.758276524813937e-05,-0.024750000000000015,0.9290057923983046
