rank,standard_key,reference_key,family,subepisode,phase,standard_reward,reference_reward_same_subepisode,standard_temp_mae,reference_temp_mae_same_subepisode,standard_comp_mae,reference_comp_mae_same_subepisode,standard_outside_band_frac,reference_outside_band_frac_same_subepisode,standard_policy_fraction,reference_policy_fraction_same_subepisode,standard_adv_median,reference_adv_median_same_subepisode,standard_policy_minus_supervisor_norm,reference_policy_minus_supervisor_norm_same_subepisode,standard_executed_minus_supervisor_norm,reference_executed_minus_supervisor_norm_same_subepisode,standard_q_gap_policy_mean,reference_q_gap_policy_mean_same_subepisode
1,weights_standard,weights_mismatch,weights,61,live,3.111289266270046,13.467134151044753,0.20839906471124783,0.16688220711241997,0.0015898632720648715,0.0014839489468537583,0.25,0.2575,0.2875,0.415,-6.308539345354745,-1.492235518715006,0.46268746590825804,0.49332657077386716,0.12449546038603447,0.2541379801159819,22.26690621547401,13.54765821568668
2,weights_standard,weights_mismatch,weights,46,live,3.5148572635814253,13.469815073706418,0.208968066592637,0.1749441002303379,0.0016989974462209261,0.001492725779419586,0.2525,0.2475,0.355,0.8825,-4.318314712810462,11.840074489595736,0.374577008017355,0.579715337519428,0.15137495117636382,0.5079721483474947,19.17899872779846,12.427493929639459
3,weights_standard,weights_mismatch,weights,52,live,3.737336504528837,11.826195350421262,0.2103727016804011,0.17114995485453818,0.0015455109750111351,0.0013890180437852037,0.245,0.22,0.245,0.5075,-7.030127262038604,0.19032002952599214,0.4186947234965897,0.5518731381268487,0.12764840958935747,0.3347082469270834,22.75267408490181,14.11381238400936
4,weights_standard,weights_mismatch,weights,50,live,4.445218341573957,12.712337494181844,0.20533289364556423,0.17169645805997155,0.001589197612148733,0.001510411615529904,0.24,0.2425,0.2125,0.6275,-8.47310561564197,4.551812711880046,0.4700708876098219,0.5262791740986117,0.0899889360718568,0.3844454351305766,29.98046165943146,16.120149384196846
5,weights_standard,weights_mismatch,weights,53,live,4.582940152220976,12.936084688562083,0.20545486697066834,0.17074716014934335,0.0016199741957626434,0.0013669629566227606,0.2525,0.225,0.2,0.355,-9.190341270858479,-3.3586702074868526,0.4249372406909916,0.5152136737809565,0.08699209241509549,0.22368338428632037,20.300452497005463,12.948737159967422
1,residual_standard,residual_mismatch,residual,18,live,-70.969544361836,7.510092334992388,0.47898892301983975,0.1752451199842362,0.014117177721650378,0.0017123497966505523,1.0,0.2525,0.9675,0.0175,472.11059619167156,-280.8646039546377,1.1933810726214267,1.41386764660106,1.1543454324385183,0.024750989825699718,84.73965881347657,99.4036010689661
2,residual_standard,residual_mismatch,residual,19,live,-44.49639199946862,12.790438544793671,0.3164770862218566,0.16236041809331397,0.01292193393441426,0.0016661298469730257,1.0,0.255,0.9375,0.0125,329.5055658894281,-229.8723641254192,1.0201181213771613,1.4094015320796887,0.9905340541822117,0.017679925729009217,36.47813339233399,96.27207578076981
3,residual_standard,residual_mismatch,residual,17,live,-38.165927904560824,7.392942588036276,0.29163125204385465,0.18087515326252468,0.009873128559747018,0.0016265772834883625,0.645,0.255,0.545,0.0125,3.848805550492669,-219.48565015589864,1.0348309089542458,1.4115860760354306,0.6448927484957148,0.017679926800516645,42.8500888254866,91.53613253757358
4,residual_standard,residual_mismatch,residual,24,live,-31.474150893771547,12.674679508591565,0.2500925001214243,0.16116150747952873,0.00942639729641771,0.00159534507797914,0.665,0.2475,0.605,0.01,73.80423284029786,-302.17670128871913,0.8293700610973233,1.4081239508464656,0.6625184847783899,0.01414440055273907,37.96189982354641,115.69278013050557
5,residual_standard,residual_mismatch,residual,23,live,-30.83441504764107,9.975097068453609,0.21986239656340703,0.16836826867163307,0.009347723848994446,0.0014239957538721404,0.51,0.2225,0.525,0.0025,7.135306762447517,-280.12049594720304,0.7607757204922783,1.4113493745138037,0.6134426133287431,0.003537779277053778,40.66770677521825,99.194855004102
1,markov_standard,markov_mismatch_conditioned,markov,86,live,-64.00395073019494,17.858171472775044,0.4465133202364157,0.13455339016413836,0.010671295539803649,0.0017120663957534636,0.5875,0.2575,0.655,0.055,17.598592143364375,-152.62899184479818,0.9828557124573962,1.1239492623002523,0.9160365802541339,0.09691661929852623,43.632682709284126,54.33188148498535
2,markov_standard,markov_mismatch_conditioned,markov,14,live,-20.683247717595897,6.828555774326934,0.4067502283679918,0.17481636189145708,0.004865516614022205,0.0010506123541197932,0.715,0.2,0.64,0.03,38.877685003315506,-155.56240948182574,1.1750386641147588,2.003875878619229,0.9415005150637018,0.06495383713343615,37.23816246593506,53.30179926621398
3,markov_standard,markov_mismatch_conditioned,markov,21,live,-18.781491663743914,3.6673417775557686,0.2188715777320125,0.20493516855702412,0.007014049395351889,0.0013951751757652995,0.5775,0.2225,0.6,0.0225,42.45993948530881,-205.89274262144414,1.0045328231059425,1.999185844893542,0.8232385189449621,0.04636286199323394,20.230044078826904,85.5810312768072
4,markov_standard,markov_mismatch_conditioned,markov,22,live,-12.733653025164108,8.544335670063685,0.21486806429902625,0.18081350333479962,0.005932963214467381,0.0015194101510537872,0.49,0.2425,0.5275,0.02,8.545526555875519,-198.12795843735336,0.942490008316667,2.0113720543211624,0.7682874808856659,0.04424503632293879,19.171791876535863,81.94855623722077
5,markov_standard,markov_mismatch_conditioned,markov,29,live,-7.9787733894609865,3.8153465834189277,0.2298176723004434,0.18775832589263594,0.004546843130045841,0.0013012175309916856,0.325,0.1725,0.455,0.05,-4.246478758924937,-231.3708201599121,0.9029932568110928,1.998953567096185,0.6723695810890343,0.10879752834849529,11.736513223201037,88.15078587055206
