variant,method,tail_reward,final_reward,tail_x24_rmse,tail_T85_rmse,tail_x24_norm_mae,tail_T85_norm_mae,tail_norm_mae,tail_outside_band_fraction
current_tight_QT1500,OF-MPC,15.045203316389102,14.585125086508272,0.003085948422369301,0.4739832126339395,0.29214924912354645,0.880133369987792,0.5861413095556693,0.249
current_tight_QT1500,TD3 Weights,19.761561573317692,21.090019586793392,0.002130434807755291,0.4182873830843875,0.09872325406750485,0.6961710383254417,0.39744714619647337,0.17675
current_tight_QT1500,TD3 Residual,2.6433840064322203,4.750410252737458,0.004358044346892554,0.4636817562617154,0.3427530584322969,1.153419277404662,0.7480861679184796,0.35725
current_tight_QT1500,Horizon DDQN,16.258220925864737,17.288660416103998,0.002488578423563103,0.5309757439156559,0.1622951146105976,1.0031340515643334,0.5827145830874656,0.2635
current_tight_QT1500,Dueling Horizon,17.898946349472574,15.722094312379594,0.0026174425166832944,0.5083931488389694,0.13948084417700335,0.9130380809450637,0.5262594625610334,0.235
current_tight_QT1500,TD3 Markov,17.845829802376848,18.814322223374095,0.0021502592862803135,0.5667652212512495,0.13350263373560742,1.5996608308324385,0.866581732284023,0.5115
tight_QT1000,OF-MPC,15.297845955026986,14.792124157417291,0.003085948422369301,0.4739832126339395,0.29214924912354645,0.880133369987792,0.5861413095556693,0.249
tight_QT1000,TD3 Weights,19.87518842301295,21.159824172682992,0.002130434807755291,0.4182873830843875,0.09872325406750485,0.6961710383254417,0.39744714619647337,0.17675
tight_QT1000,TD3 Residual,2.9265176211145505,4.935501476022537,0.004358044346892554,0.4636817562617154,0.3427530584322969,1.153419277404662,0.7480861679184796,0.35725
tight_QT1000,Horizon DDQN,16.573647990055882,17.490007961516454,0.002488578423563103,0.5309757439156559,0.1622951146105976,1.0031340515643334,0.5827145830874656,0.2635
tight_QT1000,Dueling Horizon,18.143314743435837,15.98020043440793,0.0026174425166832944,0.5083931488389694,0.13948084417700335,0.9130380809450637,0.5262594625610334,0.235
tight_QT1000,TD3 Markov,18.31664488772083,19.150102639866496,0.0021502592862803135,0.5667652212512495,0.13350263373560742,1.5996608308324385,0.866581732284023,0.5115
tight_QT5000,OF-MPC,13.27670484592394,13.136131590145146,0.003085948422369301,0.4739832126339395,0.29214924912354645,0.880133369987792,0.5861413095556693,0.249
tight_QT5000,TD3 Weights,18.966173625450846,20.60138748556619,0.002130434807755291,0.4182873830843875,0.09872325406750485,0.6961710383254417,0.39744714619647337,0.17675
tight_QT5000,TD3 Residual,0.6614487036559084,3.454771689741897,0.004358044346892554,0.4636817562617154,0.3427530584322969,1.153419277404662,0.7480861679184796,0.35725
tight_QT5000,Horizon DDQN,14.050231476526704,15.879227598216783,0.002488578423563103,0.5309757439156559,0.1622951146105976,1.0031340515643334,0.5827145830874656,0.2635
tight_QT5000,Dueling Horizon,16.18836759172973,13.915351458181235,0.0026174425166832944,0.5083931488389694,0.13948084417700335,0.9130380809450637,0.5262594625610334,0.235
tight_QT5000,TD3 Markov,14.550124204968963,16.463859307927283,0.0021502592862803135,0.5667652212512495,0.13350263373560742,1.5996608308324385,0.866581732284023,0.5115
tight_QT10000,OF-MPC,10.750278459545127,11.066140881054958,0.003085948422369301,0.4739832126339395,0.29214924912354645,0.880133369987792,0.5861413095556693,0.249
tight_QT10000,TD3 Weights,17.829905128498208,19.90334162667018,0.002130434807755291,0.4182873830843875,0.09872325406750485,0.6961710383254417,0.39744714619647337,0.17675
tight_QT10000,TD3 Residual,-2.169887443167394,1.6038594568910964,0.004358044346892554,0.4636817562617154,0.3427530584322969,1.153419277404662,0.7480861679184796,0.35725
tight_QT10000,Horizon DDQN,10.89596083461523,13.865752144092198,0.002488578423563103,0.5309757439156559,0.1622951146105976,1.0031340515643334,0.5827145830874656,0.2635
tight_QT10000,Dueling Horizon,13.744683652097091,11.334290237897873,0.0026174425166832944,0.5083931488389694,0.13948084417700335,0.9130380809450637,0.5262594625610334,0.235
tight_QT10000,TD3 Markov,9.841973351529127,13.106055143003273,0.0021502592862803135,0.5667652212512495,0.13350263373560742,1.5996608308324385,0.866581732284023,0.5115
wide_band_QT1500,OF-MPC,16.716779656863658,16.078753855864864,0.003085948422369301,0.4739832126339395,0.29214924912354645,0.440066684993896,0.36610796705872123,0.13625
wide_band_QT1500,TD3 Weights,22.376371646262164,23.823759370207334,0.002130434807755291,0.4182873830843875,0.09872325406750485,0.34808551916272085,0.22340438661511286,0.1155
wide_band_QT1500,TD3 Residual,4.076635225671874,6.139690511823989,0.004358044346892554,0.4636817562617154,0.3427530584322969,0.576709638702331,0.459731348567314,0.27475
wide_band_QT1500,Horizon DDQN,18.450157745265596,19.23004472796486,0.002488578423563103,0.5309757439156559,0.1622951146105976,0.5015670257821667,0.3319310701963822,0.17925
wide_band_QT1500,Dueling Horizon,20.384148672425752,17.922662814414128,0.0026174425166832944,0.5083931488389694,0.13948084417700335,0.45651904047253183,0.29799994232476756,0.16975
wide_band_QT1500,TD3 Markov,19.667956798971456,20.354851163387714,0.0021502592862803135,0.5667652212512495,0.13350263373560742,0.7998304154162192,0.4666665245759133,0.43225
