episode,reward,z_norm,requested_projection_fraction,ls_projection_fraction,td3_source_fraction,prediction_score,markov_prediction_error,nominal_prediction_error,requested_cost_guard_pass_fraction,x24_norm_error,T85_norm_error,prediction_error_ratio
1,10.590164432031452,0.004372495032605838,0.0,0.64,0.0,nan,0.2194033476295418,0.25087776368665937,0.0,0.5937653208488646,1.304633273719969,0.8745428227890759
2,16.09668076012251,0.0017281023589639022,0.0,0.4625,0.0,nan,0.2054908626295423,0.23633225143235898,0.0,0.2741753573280172,0.8352384005387181,0.8694998730985989
3,16.17051077437714,0.0015882111788524734,0.0,0.465,0.0,nan,0.17884153274781248,0.20696553897783423,0.0,0.2717541705299733,0.8387488094102283,0.8641126132933956
4,16.225789605612906,0.001657674324493148,0.0,0.4675,0.0,nan,0.21801537064413232,0.2538509794295357,0.0,0.26959859040289347,0.8342692346123445,0.8588321035202044
5,16.258317965550177,0.0017015347933579438,0.0,0.47,0.0,nan,0.21422637957110435,0.24923201376745327,0.0,0.26869284670012894,0.826522779392811,0.8595459962498596
6,16.2398877398698,0.0017293419801548782,0.0,0.4725,0.0,nan,0.1989135651454503,0.23091705712180027,0.0,0.2675372497212252,0.8222635716837633,0.8614069814709734
7,16.30148931569273,0.0017068538048842627,0.0,0.475,0.0,nan,0.20224895043803717,0.23433961041756018,0.0,0.26569133548603674,0.8147082948056049,0.8630591732983511
8,16.255108700249988,0.001755304812764287,0.0,0.4775,0.0,nan,0.23957442230213083,0.27799258083352063,0.0,0.2648521718707027,0.812503218877157,0.8618014969457153
9,16.273846541159006,0.001835668040184646,0.0,0.4775,0.0,nan,0.22682804177299407,0.2625137764786637,0.0,0.26140319427994696,0.8084078243896028,0.8640614782799025
10,16.30018090755368,0.001741707579442161,0.0,0.4825,0.0,nan,0.2362477319038444,0.2723608572917228,0.0,0.2611307128290762,0.8044878191353405,0.8674070652186336
11,1.0795249345158886,0.015255468583686165,0.0,0.77,0.9975,-0.019033738521841596,0.13162789984411974,0.11259442726119116,0.23,0.46949506217092624,1.1509619099041806,1.169044534848742
12,-4.3017451319438855,0.017300862292155536,0.0,0.605,1.0,-0.007648272066313817,0.08163831573894384,0.07399034728022123,0.16,0.4537421844863876,0.9221227339986402,1.1033644081944596
13,16.490191065627286,0.008256460515445619,0.0,0.375,1.0,-0.00033948541687711556,0.12948568235784583,0.12914631854418984,0.3975,0.188890836679127,0.7425356687428691,1.002627746709945
14,17.830587280416093,0.008390283082006735,0.0,0.4125,1.0,-0.0014706317258114546,0.12245300318142789,0.12098250168847027,0.44,0.19901609588156982,0.7743535496119113,1.0121546626366196
15,18.361175500633955,0.008671243285581264,0.0,0.415,1.0,-0.0023618075091328744,0.10748718336778222,0.10512551027807791,0.4175,0.20526447721489846,0.7549670225932273,1.022465271116946
16,17.10470918711361,0.009376651698619875,0.0,0.41,1.0,-0.004937055394479283,0.1086221358990114,0.10368522589460938,0.4125,0.21686277071315188,0.7867154491141406,1.0476144017800582
17,16.992238837445502,0.012431739951823721,0.0,0.4025,1.0,-0.009146187540184883,0.13797118873285946,0.12882526042360373,0.3075,0.18148396532980457,0.9108204209946849,1.0709948365652981
18,15.913730573282852,0.01627540925349244,0.0,0.3925,1.0,-0.014356513138446898,0.14452333271415577,0.13016724082239522,0.2475,0.2130801801809481,0.9860661196014172,1.1102895920744644
19,17.061317442057547,0.01824668256739544,0.0,0.35,1.0,-0.022933509063773824,0.19166762601434295,0.1687346807438845,0.2825,0.1833174054328371,1.0750907212357945,1.1359112730670196
20,17.068240500809473,0.015296512349601561,0.0,0.325,1.0,-0.01472350562843028,0.14716280163421597,0.13243978447637952,0.245,0.1901491645141773,0.8053153609025057,1.1111676315092636
21,8.171437234640985,0.020318936968093455,0.0,0.47,1.0,-0.02693028966351119,0.07923680090658984,0.05230729889848842,0.19,0.32565573039315565,1.0837847591612628,1.5148325869466686
22,15.952578765656781,0.007932447123431507,0.0,0.53,1.0,-0.006473164715130372,0.05079118242851311,0.04431812716372912,0.425,0.18942653094480327,0.8612109308440565,1.1460588630216684
23,15.05043167146,0.008006180715051447,0.0,0.545,1.0,-0.004216365729867428,0.047443284823982926,0.0432270351768462,0.4275,0.2154326942952901,0.8382005717020814,1.0975373312069083
24,-18.678293523106515,0.044706919119763155,0.54,0.31,1.0,-0.22073353513080424,0.23155035468073418,0.0108191593023471,0.025,0.9524236271488817,2.430082358540854,21.40188051677008
25,18.135965917732673,0.008660715954450405,0.0,0.255,1.0,-0.006810326966318807,0.046070333372468984,0.0392601220662084,0.43,0.135185325480054,0.893568853710305,1.173463834238106
26,17.315373489142413,0.006773147799714889,0.0,0.495,1.0,-0.0011675261078568982,0.04610414982222415,0.04493671759812108,0.65,0.20892133247205946,0.7528511490782479,1.0259794726117664
27,13.232027624728532,0.018752849739534082,0.125,0.1275,1.0,-0.010045746709310951,0.0639000723923973,0.05385512949675455,0.145,0.16519308046048117,0.5740901341857984,1.1865178487083219
28,0.4897268281964459,0.02351237963449479,0.1575,0.135,1.0,-0.016428698268400113,0.0691555694063506,0.05272781122952507,0.0775,0.24554778983506678,0.6722932740346083,1.311557749008682
29,17.447442777476198,0.006423515299760529,0.0,0.505,1.0,-0.00625707152359249,0.07286811714112384,0.06661113116378393,0.6125,0.20064291448469465,0.8038570492762799,1.0939330389384199
30,17.582728906489482,0.006323159967271473,0.0,0.4975,1.0,-0.006850458523891931,0.06916978390644347,0.06231940948100223,0.56,0.18851018334630865,0.8036945342758384,1.1099236093937883
31,19.4000058366646,0.01692201364768498,0.0825,0.0725,1.0,-0.02260077390300637,0.07364198686401727,0.051041945699504404,0.215,0.14280646522937185,0.7994427922350202,1.4427738961513041
32,19.63162914587782,0.018826489038966287,0.065,0.0625,1.0,-0.02784539781217842,0.080958577376745,0.053114053462929516,0.2675,0.125725414097423,0.9092181943386115,1.5242402358398295
33,18.983733535864662,0.01747631875564852,0.085,0.065,1.0,-0.019327022243129485,0.07112045945727893,0.0517942032762101,0.2225,0.1371991990416982,0.7963276473137816,1.3731355047205773
34,19.878301853508322,0.014716997668171486,0.07,0.055,1.0,-0.022326133324058542,0.08779888353337062,0.06547335146988903,0.2525,0.11433966313529216,0.8007436945795888,1.3409865473856035
35,20.784939594556576,0.015576204237203194,0.06,0.0525,1.0,-0.015504447489772066,0.09703791692188693,0.08153412247571587,0.3475,0.0966958441841236,0.7372463957847626,1.1901509941532604
36,20.49206054202117,0.014663601744744868,0.0575,0.0575,1.0,-0.01683693759134515,0.08155626458871224,0.06471987082330473,0.255,0.11292632215299309,0.7649043871240323,1.2601425736984777
37,20.462436732382155,0.01565876670105945,0.0525,0.06,1.0,-0.023826241113502254,0.11101285426246815,0.08718722860757311,0.195,0.11439300229609214,0.8197175372635286,1.2732696753343704
38,19.42074599742101,0.015334582910619083,0.0525,0.135,1.0,-0.02296080069754316,0.09042135757392883,0.06746114532436306,0.2875,0.12931059233053283,0.7671780447101049,1.3403472048861564
39,20.98345465717268,0.01572517733304758,0.1525,0.1175,1.0,-0.019360540353330728,0.08500948349788094,0.0656496598705434,0.2025,0.12918693654106062,0.6466324356826576,1.2948960233078706
40,20.254253558938025,0.015907734577431512,0.145,0.135,1.0,-0.012253894978746106,0.09803107356088651,0.08577788163561674,0.15,0.12855243413461884,0.664011702645874,1.1428479194359353
41,19.12868246680059,0.01672947753377985,0.15,0.14,1.0,-0.027885516534594063,0.113193034450993,0.0853082637472316,0.21,0.10399622900673813,0.7618682999316714,1.3268706861316975
42,17.6459183276532,0.01837006006010436,0.14,0.1075,1.0,-0.03904906439993854,0.11635398738075149,0.07730574029684478,0.08,0.12000838954899035,0.9014971925689061,1.5051144576582038
43,18.910979394056586,0.01610338522173802,0.1475,0.125,1.0,-0.024486709695646612,0.1203919812286666,0.09590593301969845,0.07,0.1178835185879545,0.7502376579487188,1.2553131744616766
44,18.436309282251813,0.017375982619456946,0.1475,0.1325,1.0,-0.03150909604358395,0.12552043553686132,0.09401205648320951,0.0375,0.12418422116380125,0.7947031415235917,1.3351525350291553
45,15.618862379895104,0.01929708090528089,0.16,0.165,1.0,-0.03172948814782929,0.185309428540359,0.15358072465194053,0.095,0.14937959393306607,0.9359158299919039,1.2065930080765352
46,16.942595782674672,0.018585528602350285,0.145,0.1425,1.0,-0.031868301413269545,0.1444723339939841,0.11260479121116611,0.06,0.13662183072586326,0.8977095873453426,1.2830034356447344
47,18.537891273412768,0.01829499691250396,0.1425,0.1425,1.0,-0.020954642363049364,0.11376519700996336,0.09281130502883539,0.05,0.12258904558461506,0.8626732023320762,1.2257687463247915
48,18.353867968232123,0.01849320920087906,0.12,0.15,1.0,-0.009074349772728266,0.09946677305006758,0.09039311244453156,0.0675,0.13002321628617278,0.8061837930286316,1.1003799997605341
49,16.655610293162336,0.03127569764292982,0.1875,0.1375,1.0,-0.09301484186387178,0.19436957584683623,0.10135614738622759,0.08,0.13643955579534103,1.6803215091611359,1.917689068292738
50,16.536827967881617,0.03077933965603136,0.1425,0.1325,1.0,-0.0920696612879729,0.19435960634490057,0.1022912908365398,0.0375,0.12988893921788688,1.8298827504855564,1.9000601591340243
51,18.08552828603682,0.02200568174304069,0.1275,0.14,1.0,-0.039236273238143875,0.13269752172398572,0.09346203947332661,0.0675,0.130041715305257,1.244087163305766,1.4198012633980306
52,19.393966372519735,0.01903411440875658,0.1325,0.1375,1.0,-0.03006378310806776,0.12892950684865018,0.09886645612558274,0.0675,0.1325187529153975,0.8575754321736423,1.304077357489992
53,19.55599017917384,0.01823081846754534,0.135,0.135,1.0,-0.021186775027040805,0.11166150638945106,0.0904754541098805,0.09,0.12694061613518717,0.7787526873531826,1.2341635362652124
54,19.62930852722654,0.018295489250132815,0.1375,0.1375,1.0,-0.02420882836355505,0.10832747731261447,0.08411936255381862,0.085,0.12646522368106836,0.7497765135898135,1.287782907809219
55,20.19457651645088,0.017617435346088374,0.1425,0.135,1.0,-0.022107901807968063,0.12265290978800415,0.10054569340456938,0.0625,0.12261703203313505,0.7660077796034491,1.2198723350037595
56,19.98823459481837,0.017809053620536155,0.1475,0.1375,1.0,-0.027811308166801756,0.12016992388777602,0.09235933432225842,0.0925,0.1172715216303027,0.7771207259955066,1.301112927779248
57,20.083519238792313,0.017632080657374406,0.1425,0.1325,1.0,-0.029679131738044266,0.11722846273189479,0.08755002233877868,0.035,0.12124651124129407,0.758590605331485,1.3389883817307786
58,20.6725475370876,0.01707443769008634,0.1425,0.135,1.0,-0.02543554873993075,0.12524398879231863,0.09980911598788371,0.0525,0.11078347937673826,0.7908101640835988,1.2548351676366172
59,20.826294018767648,0.018355024905740574,0.155,0.13,1.0,-0.029478147052888266,0.12830104272920342,0.09882363125527682,0.0425,0.10079394021730198,0.8080862418647353,1.298283022992566
60,20.887459305858442,0.017606181929563106,0.1425,0.135,1.0,-0.03448486051605843,0.14312338511418435,0.10863923054073617,0.05,0.10305618076457308,0.7853144910732817,1.3174189876144027
61,20.958632115586198,0.01777906868286933,0.1525,0.135,1.0,-0.030991535532839395,0.12073279666210922,0.08974196332795438,0.065,0.10578854982304244,0.7382054765316853,1.3453326870162343
62,21.185048856049505,0.017023476864864707,0.15,0.1275,1.0,-0.03239752091460235,0.15906535784915127,0.12666850527645332,0.0475,0.09507008906770857,0.747612602130869,1.255760913117211
63,20.620993039840084,0.01588820160700693,0.125,0.135,1.0,-0.020943555447518882,0.12027173668388555,0.09932882584952518,0.0425,0.10073147882543713,0.7274148870204447,1.2108442403828181
64,21.019587891729444,0.01715090539743915,0.1525,0.1225,1.0,-0.03303527538431231,0.13573648612565126,0.10270189260682909,0.04,0.0941508668415505,0.7950416189407972,1.3216551582480336
65,21.78683196015406,0.015179028313968286,0.15,0.12,1.0,-0.030231127533294967,0.12820672296833643,0.09797625001589613,0.0475,0.08749070629148831,0.7852094782567381,1.3085489896534677
66,22.021033074254113,0.014639328190286315,0.135,0.1325,1.0,-0.02111380020521968,0.136192321274011,0.11507914296085037,0.055,0.08314294292520007,0.8127432027065952,1.1834665932500323
67,20.34007944417657,0.015201550994553847,0.1275,0.12,1.0,-0.022597910199714803,0.23650090305150692,0.21390363420026717,0.04,0.08257987463543964,0.9207834271515491,1.1056422857691284
68,20.84578277000877,0.01462130801647616,0.1375,0.135,1.0,-0.029952584163666803,0.2328638576789428,0.2029118852930908,0.0425,0.08844607904265761,0.9341524384997822,1.1476107342977404
69,21.908412507978,0.015407253835663137,0.1325,0.1325,1.0,-0.02653171972364948,0.13165980457257775,0.1051287355610275,0.035,0.09599693403044487,0.8453173899233465,1.252367431891625
70,22.281096870060182,0.01510333244552386,0.115,0.13,1.0,-0.027250073211475007,0.12551104316696238,0.0982616087841254,0.035,0.08694674747400946,0.8395335331064134,1.277315166319964
71,21.834529235506224,0.015403946881149202,0.145,0.13,1.0,-0.029560646201413722,0.12874301599905344,0.09918302826526365,0.05,0.09385809295811559,0.8501237950502915,1.2980347368980507
72,21.96470873555403,0.015242493678529607,0.13,0.13,1.0,-0.02339656672268172,0.11714827517640339,0.0937523382397108,0.0425,0.10446806247156205,0.8227608048892187,1.249550436564821
73,21.87416496538237,0.014703342137465896,0.125,0.1275,1.0,-0.025427193736003925,0.11578939091224809,0.09036280527425344,0.04,0.09504306706176859,0.8282485386426636,1.2813833143053084
74,21.304293389958726,0.016232139774397567,0.145,0.1275,1.0,-0.018687438800024915,0.10326843612715443,0.08458164805401924,0.0575,0.115222204087822,0.6827357220069078,1.2209319456769228
75,21.27552979717876,0.016765046163774354,0.1375,0.1275,1.0,-0.02312911710355013,0.11267548955586902,0.08954702827874911,0.045,0.10646732714819712,0.7142992410535366,1.2582828455805792
76,21.238700450089105,0.01763205873973227,0.145,0.125,1.0,-0.025533521276686254,0.11130737909486661,0.08577454825591588,0.0475,0.11067672361589036,0.714380710039492,1.2976737430638667
77,21.432923042806205,0.016674141055447164,0.14,0.1325,1.0,-0.02206383484322305,0.10845504139014821,0.08639186033659457,0.0575,0.10849137938977936,0.7094309197157522,1.255384951401584
78,20.122598939345764,0.01719538855659397,0.1725,0.1375,1.0,-0.02927355050394311,0.11740571209217592,0.08813289519201754,0.0725,0.10984108623217927,0.7458544306177604,1.3321440517343823
79,21.027494789059812,0.01704847165781779,0.14,0.13,1.0,-0.031240307157073276,0.11973927225439863,0.08849966782267898,0.0725,0.10938574538354771,0.7492536060595567,1.3529912055072615
80,20.993681701421334,0.01729465634683829,0.125,0.14,1.0,-0.031725943195271625,0.1194058190193576,0.08768056140105156,0.065,0.10245574941773239,0.8161090623053695,1.3618277199799675
81,20.71388616716651,0.017913246566197426,0.145,0.1425,1.0,-0.027758022798052128,0.11824593834142277,0.09048863697678816,0.06,0.10640746792943061,0.7923101304701297,1.3067490271928266
82,21.1738252088375,0.017300402991817405,0.135,0.1425,1.0,-0.021288081811403937,0.10805270042309248,0.0867652937562249,0.0725,0.10720714615123642,0.7499614985311807,1.2453447195911826
83,21.373483719039072,0.017858440083514785,0.14,0.1325,1.0,-0.016646803160392167,0.10789336348285303,0.0912472539969057,0.0575,0.10621379272746115,0.7233714219238621,1.1824286075119785
84,19.662478032077175,0.018794291135796445,0.1525,0.1425,1.0,-0.022227251473445106,0.11048318360397222,0.08825667203040499,0.055,0.10764133481838355,0.7784973760771088,1.2518394480805943
85,21.445780689126018,0.017417992730648087,0.15,0.14,1.0,-0.022869617397734,0.11792298885262639,0.09505406122743451,0.055,0.10923416597972374,0.7368232675903229,1.2405886432403317
86,21.64766094062735,0.01768918073353259,0.14,0.1425,1.0,-0.015587295259734625,0.10313225078263633,0.08754564148964818,0.0575,0.11126025794924622,0.703767559453786,1.1780398090387079
87,21.74086886459013,0.01764971643683577,0.135,0.1425,1.0,-0.017816758081901404,0.10800148055825869,0.09018539552331788,0.055,0.10487818889656123,0.7115512811594659,1.1975495581247895
88,20.855578864012674,0.017832670522973593,0.145,0.1425,1.0,-0.02351317664748577,0.11893851477911585,0.09542604179341627,0.0575,0.10605013918264783,0.7405840627106405,1.2463947214388367
89,21.483160476961984,0.017288088990094326,0.1275,0.1425,1.0,-0.013552017915338466,0.10477891525078778,0.09122754644480315,0.055,0.11002712255365413,0.7020638233744263,1.1485447031526146
90,21.190177633778127,0.01771146347078877,0.1475,0.1425,1.0,-0.021214452877801708,0.11668962419732982,0.09547585462688485,0.0625,0.10858541950908904,0.7353243686747294,1.2221898893007808
91,21.428376563114902,0.017439838295220115,0.145,0.1375,1.0,-0.025220141449265723,0.12091736278281012,0.09569790622526714,0.0675,0.10918133531662265,0.7296925109343114,1.2635319575140744
92,21.016180029132034,0.01661774356205816,0.1475,0.1425,1.0,-0.025685786091041364,0.12148021243084733,0.09579509168165182,0.0825,0.10785925452761841,0.728825967890919,1.2681256450440366
93,20.738945671268574,0.016685184137211668,0.15,0.14,1.0,-0.02785005677315795,0.12026813101593728,0.0924187592101248,0.0875,0.11193761773192305,0.7448373652487689,1.3013389494062964
94,20.588680755619524,0.016532785150369683,0.1575,0.1425,1.0,-0.0354767493582854,0.13545984510370285,0.09998378097628274,0.0725,0.10682574523678494,0.78670697296212,1.35481818932048
95,20.69434039910756,0.017696655722838562,0.15,0.13,1.0,-0.02915348943381754,0.12194881335876208,0.092796041079995,0.0825,0.10820694898246576,0.7862004261619382,1.3141596552986121
96,20.477875837192812,0.016524919995180062,0.1475,0.13,1.0,-0.017718769154805684,0.10504449093625462,0.08732641197998603,0.0925,0.10487785146256004,0.7294956084996831,1.2028948465251192
97,20.524837264279622,0.015754606992692453,0.13,0.1375,1.0,-0.026744825543721304,0.0958393927696756,0.06909520708351019,0.0725,0.11520251637962774,0.8158322243069724,1.3870628197675379
98,21.97397664907264,0.015025056701292202,0.145,0.1325,1.0,-0.022820394678604673,0.10737561810675646,0.08455584921450549,0.0675,0.09929258410003819,0.7910226451727881,1.2698780640752676
99,21.45087779299108,0.015108685405748345,0.135,0.1175,1.0,-0.01662384344351182,0.10588924152590806,0.08926600289662959,0.095,0.1012972231791186,0.7574885821456138,1.1862213842881288
100,22.79639886250545,0.014147722689384546,0.15,0.125,1.0,-0.023099108450723445,0.10863034937889003,0.08553185442140791,0.1525,0.09536558115825683,0.7417610951411129,1.2700572215314994
101,22.79455317355332,0.015398160148612915,0.1475,0.115,1.0,-0.026959948020540265,0.10748794099393055,0.08052865866619328,0.135,0.09798320029136065,0.7323775196442717,1.3347787331152337
102,21.91541788508773,0.01488493405867088,0.1375,0.1175,1.0,-0.018932070015223255,0.1105054760497332,0.09157404316352455,0.27,0.09328687569022749,0.777559849769988,1.206733613939079
103,23.380495379229117,0.014529408253070942,0.1575,0.11,1.0,-0.021876325526324035,0.09709768911558876,0.07522203215434047,0.21,0.08484993283687149,0.6813604145997787,1.2908144905785561
104,21.714979938769094,0.01587502366432314,0.13,0.12,1.0,-0.019038278652685474,0.13131871066912104,0.11228108974828077,0.155,0.09502065872135873,0.7670559582617311,1.1695532254230885
105,20.51290134068899,0.01576197582472288,0.13,0.1175,1.0,-0.015872626162572612,0.10345592601806797,0.08758393724146016,0.24,0.10665746119827847,0.6716303798303801,1.181220315922203
106,21.407043433965242,0.02116983582682512,0.1925,0.1175,1.0,-0.045629559033925696,0.15815055737167308,0.11252199017257455,0.115,0.09750631886381605,0.6326847803637591,1.4055080000728584
107,21.758764487557045,0.028525303268648442,0.2875,0.1125,1.0,-0.05051674680443417,0.14320726471093087,0.09269197849399698,0.1125,0.09226452169814749,0.6195010139132155,1.5449801270581944
108,20.48143280954222,0.015585890369468733,0.12,0.1175,1.0,-0.016363187500849963,0.11664948046259953,0.10028690870813511,0.1525,0.09543766809647203,0.6258562911864866,1.163157604170295
109,23.057932125632988,0.013336692616500945,0.145,0.115,1.0,-0.015624695466329799,0.10270122164564853,0.08707712435333076,0.27,0.08701921503265486,0.575120123207975,1.1794282644075411
110,22.337093108903378,0.013917787397834029,0.16,0.1225,1.0,-0.017508946379676597,0.10369562454468234,0.08618735248754192,0.3175,0.08892207251622258,0.6095945173519399,1.2031420104205102
111,22.621197577680803,0.01787472264186261,0.1925,0.1275,1.0,-0.0313619490843367,0.12416414722240857,0.09280301872589748,0.305,0.10089686016989838,0.6004865700579843,1.3379322022825482
112,19.4699779968364,0.03440104818949309,0.49,0.145,1.0,-0.08887085539438441,0.19150277557260012,0.10263389211913555,0.1425,0.1437434919048516,0.7525156531814667,1.8658824255666655
113,19.320022765016446,0.035484794457074975,0.565,0.1425,1.0,-0.09467172810856347,0.17429791088538538,0.07962826430360784,0.115,0.1374117565510878,1.4358194557077517,2.188895016232172
114,16.71363399375403,0.034283564695935,0.4725,0.0825,1.0,-0.11117945132790963,0.21904657257470517,0.10786907657798295,0.2525,0.32202627512112075,1.8118867768522964,2.0306706938048875
115,-7.890689667967556,0.04065849410155169,0.645,0.135,1.0,-0.4819033233152187,0.6551631753156761,0.17326224029596982,0.115,1.4041597412623312,4.318526561078793,3.781338473960132
116,15.926158421323514,0.01150973736932644,0.0,0.63,1.0,-0.03076549656704153,0.10983856101603148,0.07907327855165625,0.23,0.3165165359195451,1.4104520965617526,1.389073060177683
117,15.917122988122221,0.011505309511918993,0.0,0.5025,1.0,-0.019314997975689335,0.10324684300181917,0.08393205846658282,0.15,0.25056859168153645,1.1442854786173762,1.2301240418513797
118,6.035079043007499,0.039479720816308655,0.6075,0.2225,1.0,-0.20446508375930855,0.3914662088026819,0.1870034019927898,0.0825,0.6516004992335108,2.1993189608307757,2.0933641026368894
119,15.638122696115188,0.011601218443058827,0.0,0.5125,1.0,-0.016464707694899005,0.10418659894868082,0.08772210738968748,0.175,0.2619936845707228,1.1254692327419198,1.1876891931682991
120,15.247594841152987,0.011754287930533592,0.0,0.48,1.0,-0.022436480051145576,0.11667245908190627,0.09423619929317073,0.245,0.29773848622989374,1.24073717027896,1.2380853637670157
121,8.235233331361304,0.03797711777233908,0.5825,0.2525,1.0,-0.22590329060871953,0.41378672731166266,0.18788563679541675,0.095,0.742754108039353,2.216381558536243,2.2023329423644187
122,14.587399644701481,0.011745062641306784,0.0,0.56,1.0,-0.02841512227853874,0.13382238521498155,0.10540748288683362,0.3525,0.37483542222917904,1.4418536228300598,1.2695719653855544
123,14.550828480792852,0.011713427377683865,0.0,0.515,1.0,-0.027291611708335748,0.1346835738670012,0.10739218207163698,0.455,0.36129187352402137,1.4043644355358835,1.2541282919194177
124,15.450111851210968,0.03541479474031009,0.49,0.0825,1.0,-0.13574562966292206,0.28749243377355105,0.1517488504807354,0.11,0.32603691626636205,2.045363776472143,1.8945279180882388
125,8.194697397631938,0.03802485599997518,0.5875,0.145,1.0,-0.19277550297212556,0.3762839410090937,0.1835106303047257,0.1025,0.6548302506838715,2.155313428230374,2.050474898289332
126,15.50773372892237,0.011587754220484046,0.0,0.47,1.0,-0.019012713950980874,0.12097771383925546,0.10196521372139475,0.4125,0.271800550967319,1.1856207274497916,1.1864606508824629
127,15.759020505861816,0.011692194931632783,0.0,0.4725,1.0,-0.018408769519584894,0.12024257332903861,0.10183401777712438,0.355,0.26616120961577083,1.180493253371187,1.1807701979529424
128,8.604124962806235,0.03797172081605503,0.585,0.205,1.0,-0.2013509424987098,0.38295491717490665,0.18160615084451392,0.105,0.6667360300520611,2.1261501151686475,2.108711160905458
129,15.452496840266365,0.011391072233760364,0.0,0.4825,1.0,-0.015983156517598726,0.12968643939084643,0.11370349036579862,0.465,0.2734595021616967,1.1269950851676485,1.1405669164036092
130,15.334991044073739,0.011577610500095202,0.0,0.4875,1.0,-0.016199985082416747,0.138084790047341,0.12188501718252447,0.405,0.2746428694810968,1.1401729552465572,1.1329102890518297
131,10.363021428087409,0.036991426364776356,0.55,0.195,1.0,-0.18643809760881067,0.36554951811037595,0.1791134989248852,0.0525,0.5884535723647205,1.7907713789166322,2.040882012269083
132,15.473834664394381,0.01167471474964525,0.0,0.4825,1.0,-0.020972199049715933,0.16870522739612595,0.1477332444295236,0.3775,0.2828312725880729,1.1786020150857075,1.141958453884813
133,15.500402279635729,0.011618154172174521,0.0,0.48,1.0,-0.02162685045729102,0.17974138327043207,0.1581147477331018,0.46,0.2812009385054263,1.1965370345759105,1.1367781048092749
134,6.527830290969583,0.037764834034648996,0.5625,0.1825,1.0,-0.26129472444183094,0.660124536348038,0.39883192310176424,0.0775,0.6518765482519672,2.279283899400023,1.6551446815344404
135,16.318844390767197,0.010943786774961963,0.0,0.4125,1.0,-0.018991441171804912,0.14974326987918007,0.1307520205311915,0.4775,0.25427466267178367,1.131881996381661,1.1452463164304074
136,16.991546668969157,0.010233537371760087,0.0,0.405,1.0,-0.015716764296896987,0.12211995268584182,0.10640335653250002,0.4725,0.2248877344828275,1.093662137749274,1.1477077102219166
137,16.851518492652932,0.03829963300184404,0.5475,0.16,1.0,-0.12823913297238668,0.22693834427859563,0.09870131755463112,0.0525,0.14575782286426175,1.8581118208659335,2.299243312055945
138,19.341862075838016,0.03587294485484629,0.5525,0.16,1.0,-0.10824551230188627,0.20860958084022624,0.10036613394524757,0.2375,0.13118170134101,1.6537273205729657,2.078485766464098
139,19.122020469557647,0.035918876922514435,0.5525,0.1575,1.0,-0.12804971112614755,0.22439563386058242,0.09634799102026488,0.26,0.12267843048252824,1.7739721303925262,2.3290120684860494
140,17.80427926407477,0.03786739233317457,0.5625,0.16,1.0,-0.12231150266457813,0.22559166220026058,0.10328225973776878,0.0675,0.14563064799401887,1.76137678316511,2.184224694279855
141,18.580548190212117,0.03609480083697534,0.545,0.1675,1.0,-0.1160315161830403,0.21734544239388953,0.10131600027033005,0.0625,0.1511595846979902,1.6677177255553044,2.1452232797778357
142,17.614484162322086,0.03612205553474717,0.5475,0.16,1.0,-0.11921863827883886,0.23003456568059136,0.11081800744037057,0.0575,0.1487650275911284,1.6945658779364232,2.07578687790763
143,18.831467377874095,0.03559348055943779,0.5425,0.165,1.0,-0.11671385859118855,0.21821559099287288,0.10150378210782375,0.0625,0.14445340446320465,1.6553444502089982,2.1498271932475426
144,19.021571628728122,0.03543862719941079,0.5475,0.165,1.0,-0.11455313930430394,0.21951635555849275,0.10496526751146247,0.1975,0.1451683752078493,1.6760082594728474,2.091323737487936
145,18.865516529545577,0.035678206314303365,0.5375,0.1575,1.0,-0.12783825921320877,0.2224641774397093,0.09462798108155752,0.21,0.13119606131578698,1.7486575032301153,2.3509344159839247
146,18.409884035759582,0.035699388606508134,0.5325,0.15,1.0,-0.1294409404979456,0.2226985731133359,0.09325968956445987,0.225,0.1353808340452944,1.7740144552138832,2.3879403218408695
147,18.673292262035616,0.03545033450865584,0.55,0.1775,1.0,-0.13327295869331415,0.229643710882888,0.09637280854682252,0.1775,0.1484805186272492,1.7465100250493588,2.382868304303035
148,18.315255673984915,0.03541360451945797,0.55,0.165,1.0,-0.11470095199158123,0.20949441702586932,0.09479551134843345,0.15,0.15021313590289198,1.6575206864318413,2.2099613583584654
149,18.4129284298606,0.03540338708108647,0.54,0.1425,1.0,-0.13515257820008006,0.23066590735031345,0.09551535936883396,0.165,0.14001297562277487,1.7927946321696135,2.414961414316557
150,18.406552192832972,0.0354532480878973,0.56,0.15,1.0,-0.13385099760833374,0.23010605524163316,0.09625711262417713,0.1475,0.14094381692379215,1.7924325010369373,2.390535607898931
151,17.629187788075914,0.036645556631723745,0.5575,0.1675,1.0,-0.1344758117694349,0.23512094000103553,0.10064721947651702,0.1075,0.13212891506678356,1.8207389898303306,2.3360897720169396
152,18.524945652420328,0.035943581573846334,0.55,0.14,1.0,-0.12488024234533868,0.22584535323309055,0.10096719267120287,0.155,0.1266945786516348,1.776587718043151,2.236819181142832
153,18.75119587725445,0.03573541343849688,0.555,0.145,1.0,-0.12703290969384196,0.22670995312988587,0.09967910507176436,0.1725,0.13313725649273522,1.7933495981049865,2.2743979589971755
154,18.931763730413696,0.03566251356974453,0.545,0.14,1.0,-0.12849449271940203,0.23162614203490722,0.10313370275069782,0.265,0.13744919114387863,1.7964080795166348,2.245882149648118
155,19.323983357812693,0.03540307751818914,0.5525,0.1225,1.0,-0.12640189637603602,0.22762745132826104,0.10122760296168547,0.285,0.1240611981335697,1.7900234515223052,2.248669776507676
156,19.011854629260206,0.035415155848085265,0.555,0.1575,1.0,-0.12486722025104718,0.2294833654677963,0.10461820522420404,0.245,0.11267872251743227,1.7596787335274144,2.193531852090156
157,18.941040205696194,0.03562241473427232,0.555,0.15,1.0,-0.11893530558695475,0.2192291046700821,0.10029586501462498,0.3075,0.11744729239775768,1.6945671978790897,2.185823958326841
158,18.79987244503045,0.03579536536223408,0.5525,0.15,1.0,-0.12122407992419788,0.22239201484447682,0.1011700010278889,0.1675,0.11225415975857132,1.7515168424987357,2.1982011721357146
159,19.038157095985305,0.035702821017221,0.545,0.1525,1.0,-0.12097750508690153,0.2220483519343989,0.10107290160420952,0.215,0.11196854152720753,1.7342052601782019,2.1969128065989048
160,18.834981570969628,0.03591578768077133,0.5525,0.1575,1.0,-0.11760825533588946,0.21682093669748498,0.09921476084709874,0.2125,0.11414502894797796,1.694561633877889,2.185369745854962
161,19.482152565095358,0.03569553318420892,0.55,0.155,1.0,-0.11768649213721677,0.21786076105944774,0.1001763470471866,0.0925,0.10994192664322704,1.6945839517050816,2.1747724635719408
162,19.4644970212827,0.03595500225394707,0.56,0.15,1.0,-0.1260620080558173,0.23003070291778024,0.10397077762826305,0.09,0.10914399983880059,1.7173119569254873,2.212455347215269
163,19.47024178071409,0.03567779535995005,0.5575,0.15,1.0,-0.11688835166346553,0.21111167779109688,0.09422539168317977,0.1275,0.11604542614194475,1.6679428510493215,2.240496685871379
164,19.500234136781245,0.03566263299858476,0.55,0.1525,1.0,-0.1167297313990403,0.21120255517893138,0.09447488258307579,0.08,0.11222815301279382,1.6689144207944429,2.2355418647195666
165,19.23828486256384,0.03607679993541115,0.5525,0.15,1.0,-0.11355476749587018,0.2072983717071291,0.09374567614069243,0.0625,0.10493994549212565,1.673484049123221,2.2112846185675603
166,19.002516203340743,0.03621806902823314,0.5575,0.1575,1.0,-0.1146794791918093,0.20612287491534517,0.09144547366169611,0.0675,0.10933971922579751,1.6665493016059225,2.254052241862728
167,19.264482662555473,0.03521688466870632,0.5575,0.16,1.0,-0.11623412787824083,0.21055531513983397,0.09432322927842186,0.125,0.10609066342192178,1.6488635652956702,2.2322742419931365
168,19.180896151897347,0.03552029273196041,0.55,0.1525,1.0,-0.11710390144932836,0.20902261431526925,0.09192076610108256,0.115,0.10864987468559026,1.6492613324054792,2.2739433446998607
169,19.1355703897073,0.035549018640144314,0.555,0.155,1.0,-0.10954788275591966,0.19956250927465685,0.09001668382863351,0.1,0.11160127505652503,1.6229787376178897,2.2169502450742113
170,19.591960770399083,0.03544205051799593,0.555,0.1525,1.0,-0.11640480340295264,0.21677406655183787,0.10037132051329162,0.165,0.09885576955053658,1.642960581165813,2.1597211777554692
171,19.626806304680926,0.03526745927620373,0.5575,0.14,1.0,-0.1111580874751301,0.2036462896577327,0.09249024815645134,0.125,0.10958151456855464,1.594887850146212,2.201813636755045
172,19.347025856593678,0.03535521592960668,0.5625,0.145,1.0,-0.11258837993362464,0.20456984501542066,0.09198352720431727,0.0925,0.10997440711525726,1.5894530443335373,2.22398348087938
173,18.75000491067513,0.03516075988914536,0.55,0.15,1.0,-0.12241907163625684,0.2528564576143918,0.13043941779406776,0.075,0.10614505290758437,1.6561073645198447,1.9384972877875835
174,19.84502676315079,0.03526458787982962,0.5575,0.1475,1.0,-0.11304951491428346,0.20758293341087294,0.09453546633033418,0.095,0.10525875067312249,1.5842072734217927,2.195820695330558
175,19.997756877783733,0.03519943414098334,0.55,0.1475,1.0,-0.11311522823660282,0.21383915647693205,0.10072596711111706,0.0925,0.10164190741950768,1.6087343567068324,2.1229794323149345
176,19.680482365492185,0.03553949503650602,0.55,0.1475,1.0,-0.11868696004917081,0.22292148576500076,0.10423657516273942,0.1175,0.1063003670302341,1.6389246036586547,2.1386109953916317
177,19.61851620345828,0.03553357760524059,0.5475,0.1475,1.0,-0.11059307117620167,0.20853410290055577,0.09794307072007477,0.0925,0.10661635932336257,1.6005659893204043,2.1291358476655753
178,19.78581746593133,0.03579358125477977,0.5425,0.1525,1.0,-0.11261458576114515,0.20779573506076893,0.09518320358938435,0.11,0.10407909519861339,1.6264341971939666,2.1831134824710197
179,19.258951675690355,0.03608503467098029,0.555,0.15,1.0,-0.117747242733587,0.2154331363939444,0.09768795189465551,0.09,0.10777103619734518,1.6446874355860164,2.205319409565088
180,19.393205598167842,0.036024945169310714,0.5475,0.15,1.0,-0.10858602298611601,0.20559318662797502,0.09700920933645216,0.0675,0.10552244325763407,1.6101682634228747,2.119316176621196
181,18.868264027199515,0.035992248278506084,0.5525,0.1475,1.0,-0.1167153493279579,0.2198950770904953,0.10318178029645537,0.09,0.10659105482859005,1.6656165340435138,2.131142498789095
182,19.53612968093991,0.035217425410774314,0.55,0.1525,1.0,-0.11356811859068827,0.21433824213920352,0.10077216000818962,0.16,0.10282935332808027,1.6614001994382386,2.1269588954110397
183,18.979647324620238,0.03472021248159221,0.535,0.1525,1.0,-0.11646122653816476,0.25607928322147006,0.13962007034575685,0.2025,0.10468163219678099,1.6716171849466306,1.8341151281997794
184,17.682206340441407,0.03529030077899944,0.5575,0.15,1.0,-0.12297337416691187,0.2530387182513387,0.13006739657749464,0.1925,0.11171879608999874,1.7148438276507876,1.9454430926552553
185,19.145912146539832,0.03529230335463666,0.55,0.15,1.0,-0.11659007506849402,0.22903186565523379,0.11244384622124504,0.19,0.10494463183259377,1.708858867746783,2.036855491447612
186,19.093629514486246,0.035230801335795724,0.5525,0.1525,1.0,-0.12055233887014385,0.2325010563189729,0.1119507698406614,0.24,0.10299680880106887,1.7100582059956153,2.0768151630389835
187,18.68668278803818,0.03513917117784453,0.545,0.15,1.0,-0.12331417053949063,0.25460983526880354,0.1312977031294283,0.2125,0.10285800439207238,1.7394750009728381,1.9391796596610593
188,18.99813331968333,0.03534386880464929,0.545,0.1575,1.0,-0.11889704859579918,0.2395600553518679,0.12066505087292219,0.1325,0.11325786448066584,1.7448736239409908,1.9853309108049804
189,18.345249469603203,0.035081512097946375,0.5425,0.1525,1.0,-0.1226301657577304,0.26495030125159785,0.14232218173473735,0.3075,0.120424523781627,1.759480551529824,1.8616233816975698
190,16.823934909360858,0.035477446313102345,0.5575,0.16,1.0,-0.12657304371955327,0.2766149523566727,0.15004396908700596,0.31,0.12282786706061852,1.7870402983681692,1.8435592849204894
191,18.047469504124237,0.03544813466846826,0.5525,0.1525,1.0,-0.12294629175424479,0.2605488608259518,0.1376046360958387,0.235,0.11091192678903937,1.7637562855760913,1.8934599023573964
192,17.800035999029166,0.036224241237683925,0.56,0.15,1.0,-0.12411218651582612,0.25406827168627216,0.12995818348874033,0.1775,0.11635348245101547,1.7852271816009455,1.9550001767167269
193,17.047142134613242,0.03605856278012313,0.5625,0.1575,1.0,-0.12602843216926185,0.2698215012873016,0.1437951646101327,0.175,0.12445895614172088,1.8005319237416473,1.87642958661969
194,15.693145611640329,0.035979078706486,0.55,0.1575,1.0,-0.12093986290461761,0.257034434437725,0.1360966542375353,0.18,0.13288016723413304,1.7981713634135155,1.8886168501182388
195,17.577967014314247,0.035570333366849435,0.555,0.155,1.0,-0.11356286123447917,0.2218357757031785,0.10827498096115873,0.095,0.12689605445359134,1.7351222328604472,2.0488184226304065
196,17.21027000415866,0.03571722252757138,0.555,0.155,1.0,-0.10808279283706568,0.2114285446187961,0.10334782420710585,0.175,0.13720952580476664,1.6922654711282217,2.0457957991945706
197,18.424022144322134,0.03568003796178948,0.555,0.155,1.0,-0.08606612994745971,0.19232642116832907,0.10626234591801317,0.1,0.12344888549474675,1.5324403627522623,1.8099207156288337
198,18.850539347284005,0.03662283674371466,0.555,0.1475,1.0,-0.08307114206018648,0.18517523550741807,0.10210616595691331,0.0775,0.12126272305477823,1.464968365122158,1.8135558589630933
199,18.993384040908342,0.035566774983781815,0.5325,0.1975,1.0,-0.06639258937688991,0.19671699855920255,0.13032641968999745,0.0475,0.19644443538979744,1.0161729904478474,1.5094176532058954
200,18.814322223374095,0.03631360139798476,0.5575,0.1475,1.0,-0.08122067291241794,0.1724448981439186,0.09122629532751576,0.0575,0.14516018054248508,1.4079521316812498,1.8902981593718804
