run_key,short_label,window,start_episode,end_episode,reward_delta_mean,positive_count,episodes_in_window,mae_mean,mae_out1,mae_out2,move_mean
td3_b_only,TD3 B-only,1-10,1,10,-1.573472085247829e-05,3,10,0.09725732028042663,0.0015940375377331655,0.1929206030231198,69.33022061766557
td3_b_only,TD3 B-only,11-15,11,15,1.9078531001781583e-05,3,5,0.08784223337312896,0.0014241215397924887,0.17426034520646524,61.475005509369
td3_b_only,TD3 B-only,16-30,16,30,-79.01557409086804,0,15,0.4180168197953309,0.005980414787812607,0.8300532248028486,363.41142168852343
td3_b_only,TD3 B-only,31-100,31,100,-11.553015354266762,0,70,0.2360074722610734,0.0019961303309338,0.4700188141912126,152.20511315477756
td3_b_only,TD3 B-only,101-200,101,200,-3.0208288642496153,5,100,0.12349751883590722,0.0010538541355806744,0.24594118353623362,144.75773830112018
td3_b_only,TD3 B-only,181-200,181,200,-1.1112911555805884,4,20,0.10762177625983267,0.0008537054795874528,0.21438984704007774,141.43546385238784
td3_a_only,TD3 A-only,1-10,1,10,-1.573472085247829e-05,3,10,0.09725732028042663,0.0015940375377331655,0.1929206030231198,69.33022061766557
td3_a_only,TD3 A-only,11-15,11,15,1.9078531001781583e-05,3,5,0.08784223337312896,0.0014241215397924887,0.17426034520646524,61.475005509369
td3_a_only,TD3 A-only,16-30,16,30,-97.37237530512601,0,15,0.44325341338515517,0.006668651258906235,0.8798381755114036,1506.1053783736568
td3_a_only,TD3 A-only,31-100,31,100,-36.48007162264624,0,70,0.32518189918282214,0.003626634788693965,0.6467371635769501,598.5060804347764
td3_a_only,TD3 A-only,101-200,101,200,-27.971373110317653,0,100,0.288732436509255,0.003000137614614458,0.5744647354038954,494.72182176475013
td3_a_only,TD3 A-only,181-200,181,200,-27.725947558434846,0,20,0.3078634004727584,0.0026584815565754137,0.6130683193889412,498.15191418483283
sac_scalar,SAC scalar,1-10,1,10,0.8895340282920607,8,10,0.28956904472168477,0.00646793604010025,0.572670153403269,165.71528954057425
sac_scalar,SAC scalar,11-15,11,15,1.517713670698272,5,5,0.19441503061219678,0.005970821147984801,0.3828592400764087,107.71130378791864
sac_scalar,SAC scalar,16-30,16,30,1.927278328159135,15,15,0.1582429646283275,0.004316335400094299,0.31216959385656085,96.31133494147207
sac_scalar,SAC scalar,31-100,31,100,1.848430729615104,70,70,0.22040515634004754,0.0029102579482372603,0.4379000547318577,132.4107348663888
sac_scalar,SAC scalar,101-200,101,200,1.6062660809442377,99,100,0.2592073332557683,0.004608543655288771,0.5138061228562476,169.66365414278832
sac_scalar,SAC scalar,181-200,181,200,2.0846892969783637,20,20,0.14038221539618614,0.004311841328959577,0.27645258946341267,137.52351463638408
sac_structured,SAC structured,1-10,1,10,2.103929457893674,10,10,0.16467948015460368,0.0030589792505247163,0.3262999810586826,115.30400770169926
sac_structured,SAC structured,11-15,11,15,2.0193531308179913,5,5,0.16468437647869152,0.003396816213901649,0.3259719367434812,91.42985954383423
sac_structured,SAC structured,16-30,16,30,0.19473462688362211,9,15,0.33880580101633634,0.008131445991429617,0.6694801560412424,128.1508475121125
sac_structured,SAC structured,31-100,31,100,1.9747689722386277,70,70,0.18429432262082532,0.002797754206293914,0.3657908910353565,112.47371483707263
sac_structured,SAC structured,101-200,101,200,1.752087142700057,100,100,0.28091331622172433,0.0031536922859738328,0.5586729401574746,168.50506038873374
sac_structured,SAC structured,181-200,181,200,1.9717367834500241,20,20,0.24858916204273904,0.0028176306095863547,0.4943606934758916,132.6055332650375
