episode,avg_reward_current,moving_avg_10
1,-2.4766759695108886,1.7327769851163195
2,7.873268440319658,2.815260804193705
3,7.984065811175121,3.911074106848661
4,8.105314648841473,5.023292320627855
5,8.225176767892272,6.151502546322833
6,8.348162221262964,7.29128968419034
7,8.481457057038673,8.445907589827419
8,8.645506168281049,8.582899302832244
9,8.805426287438893,8.729880102222701
10,8.921195409164177,8.88113669529301
11,9.069503086859918,9.06863191717094
12,9.243185570367894,9.251503073487818
13,9.453873805079693,9.425325781069363
14,9.61788057954456,9.587227563120253
15,10.100128986671583,9.737622512471582
16,10.176873784431743,9.880988321387445
17,10.219684132854118,10.014158014177204
18,10.26452398878995,10.13469782000183
19,10.309375780952177,10.239000025615425
20,10.35485349832281,10.331756031042215
21,10.401200014757512,10.381078853884928
22,10.44858362861413,10.427727285811486
23,10.496895861215664,10.47504779331359
24,10.545440633812467,10.522847201580273
25,10.5933572150987,10.571228268408873
26,10.64335810369733,10.620241792799842
27,10.692889207875163,10.66980738655266
28,10.742518071456775,10.640750127491145
29,10.793186449238176,10.585498425783227
30,10.84498874223249,10.476121023826412
31,10.896855952285703,10.31827329150079
32,10.158011037998978,10.11371123373599
33,9.944378844136462,9.86404986663071
34,9.451666614244315,9.575100889235662
35,9.014879891842492,9.250976671504212
36,8.597737526049317,8.892962813441697
37,8.196275536822386,8.503531365661377
38,7.8530282975062775,8.167733710117835
39,7.551944271923677,7.830621086337164
40,7.264850161607359,7.5218746107458
41,7.002541474482497,7.236182065667485
42,6.8000344825635555,6.96514966610658
43,6.573252606329752,6.718591659567783
44,6.364201858330681,6.481284695686625
45,6.157954441059356,6.290406530505946
46,5.887413530440264,6.07487776285161
47,5.730695471434403,5.903237580060226
48,5.479958658694704,5.769214200304964
49,5.643162620116879,5.6681877673199645
50,5.109562485064001,5.600364090646288
51,5.28613964656866,5.5718045763521316
52,5.459800685010931,5.589104063664764
53,5.56298827647976,5.634973682057925
54,5.6859650915939275,5.722161880359909
55,5.872359298117785,5.808210649630998
56,6.060408403566587,5.964864772224497
57,6.189391655366019,6.115283765653753
58,6.351840641714543,6.263393270421673
59,6.5036503128277605,6.418190953904739
60,6.676103710998998,6.5789832863261095
61,6.79032958086121,6.740757546143768
62,6.940895732690149,6.943582154960446
63,7.110965111310409,7.130770502995946
64,7.293888415807634,7.2936949624444045
65,7.490101896294368,7.4327646097703575
66,8.088654491733365,7.546868292288496
67,8.061275135721019,7.642142793707097
68,7.981085236199128,7.714565156855625
69,7.894346786087296,7.762590755468366
70,7.81714053618038,7.785369285229971
71,7.7430745950472275,7.782437231149872
72,7.665119364175421,7.713987995773719
73,7.591221097437824,7.643124899067768
74,7.521673713423684,7.576271343760997
75,7.460781355493382,7.513747026104994
76,7.404162137971825,7.4517817322065785
77,7.352644168661508,7.3890560479401595
78,7.312549683131417,7.32705016316839
79,7.269103609527269,7.26677526159024
80,7.197487597196216,7.20724682160881
81,7.115817752383032,7.146815978034909
82,7.045060516457726,7.088377537512171
83,6.988472081656333,7.031145118756394
84,6.92638931360938,6.970521484671159
85,6.85647291975439,6.907104166556194
86,6.8197777327444475,6.7673232612069505
87,6.780319981103719,6.647441312789407
88,6.706313342279084,6.556359421162925
89,6.634930428377609,6.494830198458195
90,5.799678543703778,6.455964618363864
91,5.916998268207594,6.446397655272202
92,6.134241600192905,6.46509311709494
93,6.373179854609045,6.512861261355107
94,6.537733512666059,6.5938387019618085
95,6.760803288837776,6.709076246377707
96,7.006732350971829,6.942312111473976
97,7.258001423705391,7.19372672750135
98,7.516087748346097,7.464573048062635
99,7.78730587253659,7.746399148636832
100,8.132037194666477,8.052064890600162
101,8.431144428481327,8.381643377748217
102,8.842704805805763,8.739071121549978
103,9.191440860351,9.128012584419182
104,9.594390932299357,9.599489420875368
105,10.056588160318336,10.000971758439636
106,10.58100978898945,10.324248727617675
107,11.147416052397409,10.575788067852809
108,12.230856112907972,10.747047859943068
109,11.802129248179265,10.843550186077547
110,11.364806886446859,10.87146824217305
111,10.946537830832664,10.825657301339923
112,10.555302726708378,10.698117475294037
113,10.15646412169578,10.485589688001522
114,9.873571493254392,10.143095872471728
115,9.59847875198707,9.815835704563481
116,9.305611528530584,9.50890555460356
117,9.022138179472243,9.223219857690182
118,8.80591795761002,8.956927676438161
119,8.529527569096823,8.713049237989777
120,8.29550538684763,8.479082640471775
121,8.089680861698886,8.254881801461504
122,7.892380914188191,8.044224734572927
123,7.717679737211915,7.850486658106512
124,7.533905518074391,7.665933893125972
125,7.356470361884362,7.491939847681911
126,7.1990408596448106,7.326701167746476
127,7.084757414808082,7.172198048792293
128,6.9603903078046185,7.078893147521474
129,6.789587114656208,6.974131106109212
130,6.643118587493295,6.890325760005065
131,6.544649672157052,6.826513701614754
132,6.95933190148,6.781372674230182
133,6.670059323089288,6.75072572804164
134,6.69585205703293,6.735363933628804
135,6.718349777981246,6.739556537235529
136,6.747630585799088,6.760795680887652
137,6.778287952922671,6.793179061949666
138,6.806772363676247,6.785201344261443
139,6.831513150723452,6.8074846910927596
140,6.855510024014538,6.8285805844338405
141,6.868483482777197,6.849629851888934
142,6.879554724597779,6.870244977071161
143,6.892892791402444,6.890706946183043
144,6.906810990443746,6.911460168752635
145,6.928842452532174,6.931923289499945
146,6.953781837621368,6.951951740879701
147,6.982907644041474,6.972765342956537
148,7.014304589372177,6.994668344577328
149,7.036144358196554,7.017620681167986
150,7.055794537812094,7.041795278116638
151,7.076619503545544,7.066518744735303
152,7.098584740805697,7.091627832012415
153,7.122416157309017,7.081852490391997
154,7.148556959930277,7.080007380093035
155,7.176077118718817,7.082241180306707
156,7.204872710392504,7.089984778591364
157,6.885154227837282,7.104359082398305
158,6.995853486382557,7.126100250628687
159,7.058482360333278,7.155773243311445
160,7.133230520658674,7.1936397459956956
161,7.220362541614949,7.239605178276102
162,7.315996423109516,7.29503555949183
163,7.4191460841365915,7.391949641833946
164,7.527221986772791,7.488492959418812
165,7.635731441522862,7.590588765719472
166,7.759176522549796,7.69728492270918
167,7.854295051258447,7.807353522767473
168,7.961286662231207,7.920728328541918
169,8.079440423339877,8.039538366857649
170,8.200192090555744,8.164288639960898
171,8.321048542197888,8.288744424033803
172,8.449744480853969,8.399266676639803
173,8.607246467293885,8.479468003288801
174,8.774724717805293,8.522055790272525
175,8.880289282251915,8.531255056622117
176,8.864399048609794,8.508438739819928
177,8.656308317748431,8.456269612517989
178,8.387164532068436,8.371848384421916
179,8.17143308683581,8.253850143399188
180,7.972028922533859,8.102370305435166
181,7.799357269178479,7.92676093463848
182,7.6055321998932435,7.742819370382765
183,7.427264057066611,7.562390327213434
184,7.259926338165067,7.395862535378501
185,7.124195574285064,7.237240999178097
186,7.024983406052646,7.084475281464468
187,6.852017886055109,6.930880825837381
188,6.721886613719112,6.7807084571176155
189,6.585217724831776,6.6382764752217565
190,6.444371745397575,6.381649245321971
191,6.263412712907596,6.1180786211081335
192,6.103808512695593,5.909755601387906
193,6.002944238108016,5.762303970383138
194,4.693654039167212,5.673845515973689
195,4.488489332146696,5.649246915039823
196,4.941753208850367,5.697425686787527
197,5.37750157600742,5.7637003617842275
198,5.83730206962462,5.845935456802129
199,6.339231715493129,5.938256979278789
200,6.926159462874612,6.161507521649529
