curve_key,z,phi
exp_k12,0.0,1.0
exp_k12,0.01,0.8869197419280389
exp_k12,0.02,0.7866265500547664
exp_k12,0.03,0.6976744685187658
exp_k12,0.04,0.6187810495159559
exp_k12,0.05,0.5488088638798742
exp_k12,0.06,0.4867491024374665
exp_k12,0.07,0.4317070317164036
exp_k12,0.08,0.38288909431466195
exp_k12,0.09,0.33959146795467826
exp_k12,0.1,0.30118991827466524
exp_k12,0.11,0.26713079906185255
exp_k12,0.12,0.23692307017542302
exp_k12,0.13,0.21013121807923735
exp_k12,0.14,0.18636897691762688
exp_k12,0.15,0.16529375960919296
exp_k12,0.16,0.14660171867008773
exp_k12,0.17,0.13002336555724148
exp_k12,0.18,0.11531968537434464
exp_k12,0.19,0.10227869092518037
exp_k12,0.2,0.09071236643310158
exp_k12,0.21,0.08045395686337474
exp_k12,0.22,0.07135556376776911
exp_k12,0.23,0.06328601298999018
exp_k12,0.24,0.056128963490051254
exp_k12,0.25,0.04978123002195908
exp_k12,0.26,0.04415129548227465
exp_k12,0.27,0.03915799148164873
exp_k12,0.28,0.034729328116752056
exp_k12,0.29,0.030801456071084653
exp_k12,0.3,0.027317746080972177
exp_k12,0.31,0.024227972495145696
exp_k12,0.32,0.021487589157047335
exp_k12,0.33,0.019057087170048715
exp_k12,0.34,0.016901425286297983
exp_k12,0.35000000000000003,0.01498952470694725
exp_k12,0.36,0.013293821010149712
exp_k12,0.37,0.011789866746843153
exp_k12,0.38,0.01045597897482865
exp_k12,0.39,0.009272926649541886
exp_k12,0.4,0.008223653364539287
exp_k12,0.41000000000000003,0.007293031444369148
exp_k12,0.42,0.0064676438445132834
exp_k12,0.43,0.005735590713988193
exp_k12,0.44,0.005086317831762717
exp_k12,0.45,0.004510464443510691
exp_k12,0.46,0.00399972830491715
exp_k12,0.47000000000000003,0.003546745985828531
exp_k12,0.48,0.0031449867095573055
exp_k12,0.49,0.0027886581967916575
exp_k12,0.5,0.0024726231566347743
exp_k12,0.51,0.0021923252208009072
exp_k12,0.52,0.0019437232531402157
exp_k12,0.53,0.0017232330874138507
exp_k12,0.54,0.0015276758533359846
exp_k12,0.55,0.0013542321458844444
exp_k12,0.56,0.0012004013771256814
exp_k12,0.5700000000000001,0.0010639657245176232
exp_k12,0.58,0.0009429581559226957
exp_k12,0.59,0.0008356340703383987
exp_k12,0.6,0.0007404461454817057
exp_k12,0.61,0.0006560220295976065
exp_k12,0.62,0.0005811445558682223
exp_k12,0.63,0.0005147341941678785
exp_k12,0.64,0.000455833487166066
exp_k12,0.65,0.00040359324638906843
exp_k12,0.66,0.00035726030922492494
exp_k12,0.67,0.00031616668036091354
exp_k12,0.68,0.0002797199011025523
exp_k12,0.6900000000000001,0.0002473945077257923
exp_k12,0.7000000000000001,0.00021872445571502277
exp_k12,0.71,0.00019329640066492745
exp_k12,0.72,0.00017074373897502866
exp_k12,0.73,0.0001507413224198896
exp_k12,0.74,0.00013300077039340714
exp_k12,0.75,0.00011726631224247566
exp_k12,0.76,0.00010331109974774366
exp_k12,0.77,9.093393658743542e-05
exp_k12,0.78,7.995637763197531e-05
exp_k12,0.79,7.022015624911014e-05
exp_k12,0.8,6.158490252824445e-05
exp_k12,0.81,5.392611952697092e-05
exp_k12,0.8200000000000001,4.713338836275944e-05
exp_k12,0.8300000000000001,4.1108776272094667e-05
exp_k12,0.84,3.576542468559087e-05
exp_k12,0.85,3.102629696295561e-05
exp_k12,0.86,2.6823067733537482e-05
exp_k12,0.87,2.3095137829759695e-05
exp_k12,0.88,1.9788760611450103e-05
exp_k12,0.89,1.6856267085035345e-05
exp_k12,0.9,1.4255378645917289e-05
exp_k12,0.91,1.1948597535642131e-05
exp_k12,0.92,9.902666225905972e-06
exp_k12,0.93,8.088087935181498e-06
exp_k12,0.9400000000000001,6.478701365114648e-06
exp_k12,0.9500000000000001,5.051303525544252e-06
exp_k12,0.96,3.785315210303348e-06
exp_k12,0.97,2.66248430087105e-06
exp_k12,0.98,1.6666226203178497e-06
exp_k12,0.99,7.833725436917204e-07
exp_k12,1.0,0.0
power_p0p6,0.0,1.0
power_p0p6,0.01,0.9369042655519807
power_p0p6,0.02,0.9043647500209963
power_p0p6,0.03,0.8780244590533065
power_p0p6,0.04,0.8550440672644609
power_p0p6,0.05,0.8342772991330006
power_p0p6,0.06,0.8151196518780293
power_p0p6,0.07,0.7972042617758358
power_p0p6,0.08,0.7802878913387764
power_p0p6,0.09,0.7641990743210132
power_p0p6,0.1,0.748811356849042
power_p0p6,0.11,0.734028188578056
power_p0p6,0.12,0.7197737935293195
power_p0p6,0.13,0.7059873534569177
power_p0p6,0.14,0.6926191399559283
power_p0p6,0.15,0.6796278502463193
power_p0p6,0.16,0.6669787170392507
power_p0p6,0.17,0.6546421334286356
power_p0p6,0.18,0.6425926305498726
power_p0p6,0.19,0.6308081030165202
power_p0p6,0.2,0.6192692122568243
power_p0p6,0.21,0.6079589200763638
power_p0p6,0.22,0.5968621192029799
power_p0p6,0.23,0.5859653371766969
power_p0p6,0.24,0.5752564964820261
power_p0p6,0.25,0.5647247183519379
power_p0p6,0.26,0.5543601608710841
power_p0p6,0.27,0.5441538842990936
power_p0p6,0.28,0.5340977382029864
power_p0p6,0.29,0.5241842662175061
power_p0p6,0.3,0.5144066251697962
power_p0p6,0.31,0.5047585159973096
power_p0p6,0.32,0.49523412441584536
power_p0p6,0.33,0.48582806970112113
power_p0p6,0.34,0.4765353602630954
power_p0p6,0.35000000000000003,0.46735135493964486
power_p0p6,0.36,0.45827172913153946
power_p0p6,0.37,0.4492924450560233
power_p0p6,0.38,0.44040972552073954
power_p0p6,0.39,0.4316200307200446
power_p0p6,0.4,0.4229200376371145
power_p0p6,0.41000000000000003,0.4143066217016109
power_p0p6,0.42,0.4057768404071176
power_p0p6,0.43,0.3973279186374409
power_p0p6,0.44,0.3889572354880627
power_p0p6,0.45,0.3806623123999948
power_p0p6,0.46,0.37244080244917266
power_p0p6,0.47000000000000003,0.36429048065626957
power_p0p6,0.48,0.3562092352001396
power_p0p6,0.49,0.3481950594336136
power_p0p6,0.5,0.3402460446135529
power_p0p6,0.51,0.33236037326829904
power_p0p6,0.52,0.3245363131352734
power_p0p6,0.53,0.316772211609724
power_p0p6,0.54,0.3090664906527205
power_p0p6,0.55,0.30141764211262867
power_p0p6,0.56,0.293824223419602
power_p0p6,0.5700000000000001,0.28628485361724
power_p0p6,0.58,0.2787982096995728
power_p0p6,0.59,0.2713630232250366
power_p0p6,0.6,0.2639780771821667
power_p0p6,0.61,0.2566422030844234
power_p0p6,0.62,0.24935427827392798
power_p0p6,0.63,0.2421132234159683
power_p0p6,0.64,0.23491800016797038
power_p0p6,0.65,0.22776760900825732
power_p0p6,0.66,0.22066108721135969
power_p0p6,0.67,0.21359750695792046
power_p0p6,0.68,0.20657597356837654
power_p0p6,0.6900000000000001,0.1995956238506139
power_p0p6,0.7000000000000001,0.1926556245527028
power_p0p6,0.71,0.1857551709126254
power_p0p6,0.72,0.17889348529764204
power_p0p6,0.73,0.17206981592658732
power_p0p6,0.74,0.1652834356689793
power_p0p6,0.75,0.15853364091535038
power_p0p6,0.76,0.15181975051368413
power_p0p6,0.77,0.14514110476727304
power_p0p6,0.78,0.13849706448970056
power_p0p6,0.79,0.13188701011300208
power_p0p6,0.8,0.1253103408453775
power_p0p6,0.81,0.11876647387512085
power_p0p6,0.8200000000000001,0.11225484361769
power_p0p6,0.8300000000000001,0.10577490100308495
power_p0p6,0.84,0.09932611280091597
power_p0p6,0.85,0.09290796098074527
power_p0p6,0.86,0.08651994210546654
power_p0p6,0.87,0.08016156675565123
power_p0p6,0.88,0.07383235898294471
power_p0p6,0.89,0.06753185579073318
power_p0p6,0.9,0.06125960664043062
power_p0p6,0.91,0.05501517298185066
power_p0p6,0.92,0.04879812780623938
power_p0p6,0.93,0.04260805522063815
power_p0p6,0.9400000000000001,0.03644455004234537
power_p0p6,0.9500000000000001,0.03030721741231923
power_p0p6,0.96,0.024195672426452264
power_p0p6,0.97,0.01810953978371055
power_p0p6,0.98,0.012048453450202778
power_p0p6,0.99,0.006012056338301708
power_p0p6,1.0,0.0
quadratic,0.0,1.0
quadratic,0.01,0.9801
quadratic,0.02,0.9603999999999999
quadratic,0.03,0.9409
quadratic,0.04,0.9216
quadratic,0.05,0.9025
quadratic,0.06,0.8835999999999999
quadratic,0.07,0.8648999999999999
quadratic,0.08,0.8464
quadratic,0.09,0.8281000000000001
quadratic,0.1,0.81
quadratic,0.11,0.7921
quadratic,0.12,0.7744
quadratic,0.13,0.7569
quadratic,0.14,0.7395999999999999
quadratic,0.15,0.7224999999999999
quadratic,0.16,0.7055999999999999
quadratic,0.17,0.6889
quadratic,0.18,0.6724000000000001
quadratic,0.19,0.6561000000000001
quadratic,0.2,0.6400000000000001
quadratic,0.21,0.6241000000000001
quadratic,0.22,0.6084
quadratic,0.23,0.5929
quadratic,0.24,0.5776
quadratic,0.25,0.5625
quadratic,0.26,0.5476
quadratic,0.27,0.5328999999999999
quadratic,0.28,0.5184
quadratic,0.29,0.5041
quadratic,0.3,0.48999999999999994
quadratic,0.31,0.4760999999999999
quadratic,0.32,0.4623999999999999
quadratic,0.33,0.4488999999999999
quadratic,0.34,0.4355999999999999
quadratic,0.35000000000000003,0.4224999999999999
quadratic,0.36,0.4096
quadratic,0.37,0.39690000000000003
quadratic,0.38,0.3844
quadratic,0.39,0.3721
quadratic,0.4,0.36
quadratic,0.41000000000000003,0.34809999999999997
quadratic,0.42,0.3364000000000001
quadratic,0.43,0.3249000000000001
quadratic,0.44,0.31360000000000005
quadratic,0.45,0.30250000000000005
quadratic,0.46,0.2916
quadratic,0.47000000000000003,0.28090000000000004
quadratic,0.48,0.27040000000000003
quadratic,0.49,0.2601
quadratic,0.5,0.25
quadratic,0.51,0.24009999999999998
quadratic,0.52,0.2304
quadratic,0.53,0.22089999999999999
quadratic,0.54,0.21159999999999995
quadratic,0.55,0.20249999999999996
quadratic,0.56,0.19359999999999997
quadratic,0.5700000000000001,0.18489999999999995
quadratic,0.58,0.17640000000000003
quadratic,0.59,0.16810000000000003
quadratic,0.6,0.16000000000000003
quadratic,0.61,0.1521
quadratic,0.62,0.1444
quadratic,0.63,0.1369
quadratic,0.64,0.1296
quadratic,0.65,0.12249999999999998
quadratic,0.66,0.11559999999999998
quadratic,0.67,0.10889999999999997
quadratic,0.68,0.10239999999999996
quadratic,0.6900000000000001,0.09609999999999996
quadratic,0.7000000000000001,0.08999999999999996
quadratic,0.71,0.08410000000000002
quadratic,0.72,0.07840000000000001
quadratic,0.73,0.0729
quadratic,0.74,0.06760000000000001
quadratic,0.75,0.0625
quadratic,0.76,0.0576
quadratic,0.77,0.05289999999999999
quadratic,0.78,0.04839999999999999
quadratic,0.79,0.044099999999999986
quadratic,0.8,0.03999999999999998
quadratic,0.81,0.03609999999999998
quadratic,0.8200000000000001,0.03239999999999998
quadratic,0.8300000000000001,0.028899999999999974
quadratic,0.84,0.02560000000000001
quadratic,0.85,0.022500000000000006
quadratic,0.86,0.019600000000000003
quadratic,0.87,0.016900000000000002
quadratic,0.88,0.0144
quadratic,0.89,0.012099999999999998
quadratic,0.9,0.009999999999999995
quadratic,0.91,0.008099999999999994
quadratic,0.92,0.006399999999999993
quadratic,0.93,0.004899999999999993
quadratic,0.9400000000000001,0.003599999999999993
quadratic,0.9500000000000001,0.0024999999999999935
quadratic,0.96,0.001600000000000003
quadratic,0.97,0.0009000000000000016
quadratic,0.98,0.0004000000000000007
quadratic,0.99,0.00010000000000000018
quadratic,1.0,0.0
