F,Q_K,c_B,T
18.83,-4495.7,0.9000065605719835,407.2903553544271
18.83,-4495.7,0.9000065605719332,407.2903553544269
18.83,-4495.7,0.9000065605719506,407.2903553544269
18.83,-4495.7,0.9000065605719781,407.290355354427
18.83,-4495.7,0.9000065605719998,407.2903553544271
18.83,-4495.7,0.9000065605720129,407.2903553544272
18.83,-4495.7,0.9000065605720198,407.29035535442733
18.83,-4495.7,0.9000065605720229,407.29035535442745
18.83,-4495.7,0.9000065605720234,407.29035535442756
18.83,-4495.7,0.9000065605720224,407.2903553544277
18.83,-4495.7,0.9000065605720211,407.2903553544278
18.83,-4495.7,0.9000065605720191,407.29035535442785
18.83,-4495.7,0.900006560572017,407.2903553544279
18.83,-4495.7,0.9000065605720151,407.29035535442796
18.83,-4495.7,0.9000065605720134,407.290355354428
18.83,-4495.7,0.9000065605720118,407.2903553544281
18.83,-4495.7,0.9000065605720103,407.29035535442813
18.83,-4495.7,0.9000065605720093,407.29035535442813
18.83,-4495.7,0.9000065605720085,407.2903553544282
18.83,-4495.7,0.9000065605720079,407.2903553544282
18.83,-4995.7,0.8999358267124459,407.2375082903166
18.83,-4995.7,0.8999256115547706,407.13816339513966
18.83,-4995.7,0.9004438973973051,407.03275362275986
18.83,-4995.7,0.9015618999490683,406.9342845621164
18.83,-4995.7,0.9031088951565743,406.8465110097397
18.83,-4995.7,0.9048700437192033,406.76992997638223
18.83,-4995.7,0.9066724997169779,406.70386844284343
18.83,-4995.7,0.908402804171201,406.64726132478546
18.83,-4995.7,0.9099976414854943,406.5989608837533
18.83,-4995.7,0.9114288506025686,406.5578644248036
18.83,-4995.7,0.912690346995388,406.5229653361123
18.83,-4995.7,0.9137886819536243,406.4933695049939
18.83,-4995.7,0.9147368614036615,406.4682955498861
18.83,-4995.7,0.915550556910093,406.447067615082
18.83,-4995.7,0.9162459133059846,406.4291050988132
18.83,-4995.7,0.9168383627983027,406.41391154498257
18.83,-4995.7,0.9173420477166513,406.40106382147053
18.83,-4995.7,0.9177695978294937,406.39020211655884
18.83,-4995.7,0.9181321055958815,406.3810209661521
18.83,-4995.7,0.9184392053495415,406.3732613545317
18.83,-4995.7,0.9186992013669029,406.3667038442174
18.83,-4995.7,0.9189192134633472,406.3611626495216
18.83,-4995.7,0.9191053229234226,406.35648055290295
18.83,-4995.7,0.9192627099003723,406.3525245615029
18.83,-4995.7,0.9193957782320924,406.349182206573
18.83,-4995.7,0.9195082663337786,406.3463583970868
18.83,-4995.7,0.9196033443015081,406.34397274855667
18.83,-4995.7,0.9196836981116928,406.3419573178117
18.83,-4995.7,0.9197516021362798,406.3402546836458
18.83,-4995.7,0.9198089812949786,406.3388163215596
18.83,-4995.7,0.9198574641408901,406.3376012282036
18.83,-4995.7,0.9198984280871646,406.3365747575994
18.83,-4995.7,0.9199330378656729,406.33570763682485
18.83,-4995.7,0.9199622781842703,406.33497513368326
18.83,-4995.7,0.9199869814279784,406.3343563530205
18.83,-4995.7,0.9200078511368056,406.33383364189376
18.83,-4995.7,0.9200254818913273,406.33339208681593
18.83,-4995.7,0.9200403761471724,406.33301908886364
18.83,-4995.7,0.9200529584808651,406.33270400461925
18.83,-4995.7,0.9200635876412313,406.3324378427664
18.83,-4995.7,0.9200725667417905,406.33221300772647
18.83,-4995.7,0.9200801518791004,406.33202308305295
18.83,-4995.7,0.9200865594189165,406.3318626484242
18.83,-4995.7,0.9200919721552174,406.33172712502824
18.83,-4995.7,0.9200965445158799,406.3316126449381
18.83,-4995.7,0.9201004069621436,406.3315159407577
18.83,-4995.7,0.9201036697064372,406.33143425239405
18.83,-4995.7,0.920106425853974,406.3313652483
18.83,-4995.7,0.9201087540572792,406.331306958941
18.83,-4995.7,0.9201107207590622,406.3312577205904
18.83,-4995.7,0.9201123820872031,406.3312161278493
18.83,-4995.7,0.9201137854557566,406.33118099353817
18.83,-4995.7,0.9201149709175491,406.33115131481446
18.83,-4995.7,0.9201159723068806,406.3311262445512
18.83,-4995.7,0.9201168182048922,406.33110506715894
18.83,-4995.7,0.9201175327550956,406.33108717816185
18.83,-4995.7,0.920118136352324,406.3310720669447
18.83,-4995.7,0.920118646224734,406.3310593021792
18.83,-4995.7,0.9201190769254632,406.33104851951214
18.83,-4995.7,0.9201194407479589,406.3310394111663
18.83,-4995.7,0.9201197480768306,406.3310317171554
18.83,-4995.7,0.9201200076842297,406.3310252178633
18.83,-4995.7,0.9201202269802133,406.3310197277756
18.83,-4995.7,0.9201204122242399,406.33101509018394
18.83,-4995.7,0.9201205687038231,406.3310111727137
18.83,-4995.7,0.9201207008854505,406.33100786354515
18.83,-4995.7,0.920120812542066,406.33100506822177
18.83,-4995.7,0.9201209068607616,406.33100270695405
18.83,-4995.7,0.9201209865337451,406.33100071234225
18.83,-4995.7,0.9201210538351831,406.3309990274523
18.83,-4995.7,0.9201211106861154,406.33099760419094
18.83,-4995.7,0.9201211587092837,406.33099640193257
18.83,-4995.7,0.9201211992754535,406.33099538636003
18.83,-4995.7,0.9201212335425417,406.3309945284849
18.83,-4995.7,0.9201212624886628,406.33099380382004
18.83,-4995.7,0.9201212869400522,406.33099319168065
18.83,-4995.7,0.9201213075946484,406.33099267459386
18.83,-4995.7,0.9201213250420135,406.33099223779993
18.83,-4995.7,0.9201213397801641,406.33099186883106
18.83,-4995.7,0.9201213522297855,406.33099155715547
18.83,-4995.7,0.920121362746238,406.33099129387665
18.83,-4995.7,0.9201213716297034,406.3309910714796
18.83,-4995.7,0.9201213791337506,406.3309908836162
18.83,-4995.7,0.9201213854725735,406.3309907249241
18.83,-4995.7,0.9201213908271089,406.3309905908736
18.83,-4995.7,0.9201213953501955,406.3309904776384
18.83,-4995.7,0.9201213991709404,406.3309903819863
18.83,-4995.7,0.9201214023984023,406.33099030118694
18.83,-4995.7,0.9201214051247059,406.3309902329341
18.83,-4995.7,0.9201214074276716,406.3309901752795
18.83,-4995.7,0.9201214093730339,406.3309901265775
18.83,-4995.7,0.9201214110163217,406.33099008543786
18.83,-4995.7,0.9201214124044408,406.3309900506864
18.83,-4995.7,0.9201214135770137,406.3309900213311
18.83,-4995.7,0.92012141456751,406.3309899965341
18.83,-4995.7,0.9201214154042029,406.3309899755875
18.83,-4995.7,0.9201214161109745,406.3309899578935
18.83,-4995.7,0.9201214167079996,406.33098994294704
18.83,-4995.7,0.9201214172123182,406.33098993032144
18.83,-4995.7,0.9201214176383274,406.3309899196563
18.83,-4995.7,0.9201214179981858,406.33098991064725
18.83,-4995.7,0.9201214183021657,406.33098990303716
18.83,-4995.7,0.9201214185589438,406.33098989660874
18.83,-4995.7,0.92012141877585,406.33098989117855
18.83,-4995.7,0.9201214189590746,406.3309898865915
18.83,-4995.7,0.9201214191138483,406.3309898827168
18.83,-4995.7,0.9201214192445887,406.3309898794437
18.83,-4995.7,0.9201214193550277,406.3309898766788
18.83,-4995.7,0.9201214194483179,406.3309898743433
18.83,-4995.7,0.9201214195271225,406.3309898723704
18.83,-4995.7,0.9201214195936903,406.33098987070395
18.83,-4995.7,0.9201214196499212,406.3309898692962
18.83,-4995.7,0.9201214196974206,406.33098986810705
18.83,-4995.7,0.9201214197375444,406.3309898671026
18.83,-4995.7,0.920121419771438,406.3309898662541
18.83,-4995.7,0.920121419800068,406.3309898655373
18.83,-4995.7,0.9201214198242527,406.3309898649318
18.83,-4995.7,0.920121419844682,406.3309898644203
18.83,-4995.7,0.9201214198619391,406.3309898639883
18.83,-4995.7,0.9201214198765175,406.3309898636233
