run,window,rank,pair,count,fraction
june4_sg_dqn_87_mismatch,first_live_20,1,"(6, 3)",6337,0.792125
june4_sg_dqn_87_mismatch,first_live_20,2,"(11, 7)",192,0.024
june4_sg_dqn_87_mismatch,first_live_20,3,"(13, 8)",132,0.0165
june4_sg_dqn_87_mismatch,first_live_20,4,"(12, 3)",116,0.0145
june4_sg_dqn_87_mismatch,first_live_20,5,"(9, 4)",112,0.014
june4_sg_dqn_87_mismatch,first_live_20,6,"(13, 5)",80,0.01
june4_sg_dqn_87_mismatch,first_live_20,7,"(6, 2)",64,0.008
june4_sg_dqn_87_mismatch,first_live_20,8,"(13, 9)",60,0.0075
june4_sg_dqn_87_mismatch,tail_20,1,"(6, 3)",540,0.0675
june4_sg_dqn_87_mismatch,tail_20,2,"(12, 11)",400,0.05
june4_sg_dqn_87_mismatch,tail_20,3,"(5, 2)",292,0.0365
june4_sg_dqn_87_mismatch,tail_20,4,"(14, 4)",216,0.027
june4_sg_dqn_87_mismatch,tail_20,5,"(14, 8)",200,0.025
june4_sg_dqn_87_mismatch,tail_20,6,"(4, 4)",196,0.0245
june4_sg_dqn_87_mismatch,tail_20,7,"(12, 5)",188,0.0235
june4_sg_dqn_87_mismatch,tail_20,8,"(5, 5)",164,0.0205
june5_sg_dqn_39_standard,first_live_20,1,"(6, 3)",6589,0.823625
june5_sg_dqn_39_standard,first_live_20,2,"(8, 4)",348,0.0435
june5_sg_dqn_39_standard,first_live_20,3,"(11, 10)",88,0.011
june5_sg_dqn_39_standard,first_live_20,4,"(7, 5)",88,0.011
june5_sg_dqn_39_standard,first_live_20,5,"(10, 9)",80,0.01
june5_sg_dqn_39_standard,first_live_20,6,"(9, 9)",80,0.01
june5_sg_dqn_39_standard,first_live_20,7,"(9, 8)",72,0.009
june5_sg_dqn_39_standard,first_live_20,8,"(6, 5)",68,0.0085
june5_sg_dqn_39_standard,tail_20,1,"(6, 3)",1920,0.24
june5_sg_dqn_39_standard,tail_20,2,"(8, 4)",1872,0.234
june5_sg_dqn_39_standard,tail_20,3,"(11, 4)",296,0.037
june5_sg_dqn_39_standard,tail_20,4,"(11, 3)",216,0.027
june5_sg_dqn_39_standard,tail_20,5,"(8, 6)",184,0.023
june5_sg_dqn_39_standard,tail_20,6,"(7, 7)",168,0.021
june5_sg_dqn_39_standard,tail_20,7,"(11, 11)",164,0.0205
june5_sg_dqn_39_standard,tail_20,8,"(8, 8)",160,0.02
june4_sg_dueling_87_mismatch,first_live_20,1,"(6, 3)",5413,0.676625
june4_sg_dueling_87_mismatch,first_live_20,2,"(11, 3)",384,0.048
june4_sg_dueling_87_mismatch,first_live_20,3,"(4, 2)",296,0.037
june4_sg_dueling_87_mismatch,first_live_20,4,"(12, 9)",240,0.03
june4_sg_dueling_87_mismatch,first_live_20,5,"(7, 2)",160,0.02
june4_sg_dueling_87_mismatch,first_live_20,6,"(4, 3)",144,0.018
june4_sg_dueling_87_mismatch,first_live_20,7,"(13, 9)",112,0.014
june4_sg_dueling_87_mismatch,first_live_20,8,"(11, 11)",108,0.0135
june4_sg_dueling_87_mismatch,tail_20,1,"(6, 3)",2264,0.283
june4_sg_dueling_87_mismatch,tail_20,2,"(11, 11)",1520,0.19
june4_sg_dueling_87_mismatch,tail_20,3,"(12, 9)",620,0.0775
june4_sg_dueling_87_mismatch,tail_20,4,"(4, 2)",464,0.058
june4_sg_dueling_87_mismatch,tail_20,5,"(9, 6)",436,0.0545
june4_sg_dueling_87_mismatch,tail_20,6,"(12, 4)",372,0.0465
june4_sg_dueling_87_mismatch,tail_20,7,"(6, 2)",368,0.046
june4_sg_dueling_87_mismatch,tail_20,8,"(10, 2)",236,0.0295
june5_sg_dueling_aspen6_legacy_87_standard,first_live_20,1,"(6, 3)",5789,0.723625
june5_sg_dueling_aspen6_legacy_87_standard,first_live_20,2,"(14, 12)",792,0.099
june5_sg_dueling_aspen6_legacy_87_standard,first_live_20,3,"(9, 9)",240,0.03
june5_sg_dueling_aspen6_legacy_87_standard,first_live_20,4,"(11, 11)",131,0.016375
june5_sg_dueling_aspen6_legacy_87_standard,first_live_20,5,"(10, 6)",72,0.009
june5_sg_dueling_aspen6_legacy_87_standard,first_live_20,6,"(5, 2)",64,0.008
june5_sg_dueling_aspen6_legacy_87_standard,first_live_20,7,"(9, 3)",52,0.0065
june5_sg_dueling_aspen6_legacy_87_standard,first_live_20,8,"(9, 5)",44,0.0055
june5_sg_dueling_aspen6_legacy_87_standard,tail_20,1,"(6, 3)",3540,0.4425
june5_sg_dueling_aspen6_legacy_87_standard,tail_20,2,"(10, 6)",1544,0.193
june5_sg_dueling_aspen6_legacy_87_standard,tail_20,3,"(9, 9)",1024,0.128
june5_sg_dueling_aspen6_legacy_87_standard,tail_20,4,"(4, 4)",368,0.046
june5_sg_dueling_aspen6_legacy_87_standard,tail_20,5,"(14, 12)",204,0.0255
june5_sg_dueling_aspen6_legacy_87_standard,tail_20,6,"(9, 3)",116,0.0145
june5_sg_dueling_aspen6_legacy_87_standard,tail_20,7,"(13, 8)",112,0.014
june5_sg_dueling_aspen6_legacy_87_standard,tail_20,8,"(11, 11)",104,0.013
stable_dueling_20260511,first_live_20,1,"(6, 3)",5073,0.634125
stable_dueling_20260511,first_live_20,2,"(12, 12)",296,0.037
stable_dueling_20260511,first_live_20,3,"(13, 5)",200,0.025
stable_dueling_20260511,first_live_20,4,"(5, 4)",175,0.021875
stable_dueling_20260511,first_live_20,5,"(11, 11)",164,0.0205
stable_dueling_20260511,first_live_20,6,"(4, 2)",148,0.0185
stable_dueling_20260511,first_live_20,7,"(7, 2)",128,0.016
stable_dueling_20260511,first_live_20,8,"(12, 4)",88,0.011
stable_dueling_20260511,tail_20,1,"(6, 3)",5424,0.678
stable_dueling_20260511,tail_20,2,"(4, 2)",284,0.0355
stable_dueling_20260511,tail_20,3,"(4, 3)",272,0.034
stable_dueling_20260511,tail_20,4,"(4, 4)",156,0.0195
stable_dueling_20260511,tail_20,5,"(9, 6)",148,0.0185
stable_dueling_20260511,tail_20,6,"(11, 11)",144,0.018
stable_dueling_20260511,tail_20,7,"(9, 9)",104,0.013
stable_dueling_20260511,tail_20,8,"(13, 7)",96,0.012
