slug,label,short_label,system,family,run_mode,path,baseline_path,tail_mae_mean,tail_mae_output1,tail_mae_output2,tail_offset_output1,tail_offset_output2,rmse_output1,rmse_output2,baseline_tail_mae_mean,baseline_tail_mae_output1,baseline_tail_mae_output2,baseline_tail_offset_output1,baseline_tail_offset_output2,tail_mae_delta_vs_baseline,reward_first10,reward_mid10,reward_last10,reward_last20,reward_best10,reward_drop,baseline_reward_last20,reward_delta_last20_vs_baseline,raw_exec_gap_mean,residual_exec_abs_mean,residual_raw_abs_mean,tail_rho_mean,projection_rate
polymer_nominal_20260402,Polymer residual nominal 2026-04-02,P nom 0402,polymer,residual_nominal,nominal,Polymer/Results/td3_residual_nominal/20260402_174941/input_data.pkl,Polymer/Data/mpc_results_nominal.pickle,0.006029073331038317,0.00319296780875418,0.008865178853322452,0.0024378605284362553,-0.007689354052968028,0.1827768832327463,0.5490564147575666,0.003965840848064435,0.0017685292107101106,0.006163152485418758,-0.0009724928506109749,0.0002645157476029188,0.002063232482973882,-4.312305419580193,-3.56596001602862,-3.5906486824783466,-3.5933702388789377,-3.5634755121363133,0.02717317034203326,-19.260939425058893,15.667569186179955,0.048455483799131636,0.007300835483885192,0.05575631928301682,nan,nan
polymer_nominal_20260408a,Polymer residual nominal 2026-04-08 run A,P nom 0408A,polymer,residual_nominal,nominal,Polymer/Results/td3_residual_nominal/20260408_121130/input_data.pkl,Polymer/Data/mpc_results_nominal.pickle,0.00029857140659238826,8.556690285530725e-05,0.0005115759103294693,9.896592876235493e-07,-8.994623423365055e-05,0.18559611391781158,0.5563607565596831,0.003965840848064435,0.0017685292107101106,0.006163152485418758,-0.0009724928506109749,0.0002645157476029188,-0.0036672694414720463,-4.312317956796554,-3.6102715266443965,-3.5402880403016397,-3.5446099091238734,-3.5395501770424347,0.0007378632592049961,-19.260939425058893,15.71632951593502,0.05586091642535963,0.006728504569685414,0.06258942099504504,nan,nan
polymer_nominal_20260408b,Polymer residual nominal 2026-04-08 run B,P nom 0408B,polymer,residual_nominal,nominal,Polymer/Results/td3_residual_nominal/20260408_131932/input_data.pkl,Polymer/Data/mpc_results_nominal.pickle,0.0002046302894273599,5.775171204303997e-05,0.00035150886681167983,-3.566322270134877e-05,0.00010665515499768218,0.18424791844287822,0.5542527770479803,0.003965840848064435,0.0017685292107101106,0.006163152485418758,-0.0009724928506109749,0.0002645157476029188,-0.0037612105586370746,-4.312317956796554,-3.571143723838458,-3.5167031222579404,-3.509234117732029,-3.5003623972839826,0.016340724973957776,-19.260939425058893,15.751705307326864,0.05312935339672725,0.006859206538918571,0.05998855993564582,nan,nan
polymer_disturb_20260413,Polymer residual disturb 2026-04-13,P res 0413,polymer,residual_disturb,disturb,Polymer/Results/td3_residual_disturb/20260413_004620/input_data.pkl,Polymer/Data/mpc_results_dist.pickle,0.0026441635489275997,0.0008001085377797423,0.004488218560075457,-0.00047174383012620156,0.0015006783450131611,0.19011634061448374,0.5835617516594611,0.0002840212076833851,7.895084158429133e-05,0.0004890915737824789,-2.1747091950686543e-05,5.1391956138739185e-06,0.0023601423412442147,-4.31223758934388,-3.9844766441605493,-3.8657339800379824,-3.931316953211266,-3.808443087326439,0.05729089271154342,-4.417343288580123,0.486026335368857,0.1642106662590456,0.00803519285208953,0.1722458524054289,0.7259240403115357,0.99998125
polymer_disturb_20260420,Polymer residual disturb 2026-04-20,P res 0420,polymer,residual_disturb,disturb,Polymer/Results/td3_residual_disturb/20260420_225631/input_data.pkl,Polymer/Data/mpc_results_dist.pickle,0.004691555227836385,0.001876936040320779,0.007506174415351992,0.0017229025759834542,-0.006742563870992403,0.18696851937840248,0.5680899941173273,0.0002840212076833851,7.895084158429133e-05,0.0004890915737824789,-2.1747091950686543e-05,5.1391956138739185e-06,0.004407534020153,-4.341944688036384,-3.715420089842361,-3.6725863487140997,-3.681150757345578,-3.6468876098346,0.025698738879499583,-4.417343288580123,0.7361925312345452,0.162990160764043,0.008009543803543403,0.17099968709555136,0.6800990968654879,0.99999375
polymer_disturb_20260422,Polymer residual disturb 2026-04-22,P res 0422,polymer,residual_disturb,disturb,Polymer/Results/td3_residual_disturb/20260422_181610/input_data.pkl,Polymer/Data/mpc_results_dist.pickle,0.004498015849119804,0.0017921029047503537,0.007203928793489254,0.0003479603311767696,-0.00014180118284012622,0.18601436214630265,0.5546041357869977,0.0002840212076833851,7.895084158429133e-05,0.0004890915737824789,-2.1747091950686543e-05,5.1391956138739185e-06,0.004213994641436419,-4.312291395358342,-3.6512226521598095,-3.5662754764185456,-3.5787880236800946,-3.5662754764185456,0.0,-4.417343288580123,0.8385552649000285,0.1568395929111661,0.00782713872881873,0.1646667213621869,0.6723414431788023,0.9999875
polymer_disturb_20260423,Polymer residual disturb 2026-04-23,P res 0423,polymer,residual_disturb,disturb,Polymer/Results/td3_residual_disturb/20260423_025802/input_data.pkl,Polymer/Data/mpc_results_dist.pickle,0.005857297368526651,0.002360964113187267,0.009353630623866033,-0.0018039850237810717,0.007059593756385264,0.18832562287505505,0.5808157217819053,0.0002840212076833851,7.895084158429133e-05,0.0004890915737824789,-2.1747091950686543e-05,5.1391956138739185e-06,0.005573276160843266,-4.312291395358342,-3.79482641199616,-3.6949995579546284,-3.7189638682302166,-3.651247069165173,0.04375248878945559,-4.417343288580123,0.6983794203499065,0.16308773999577958,0.00782767585781683,0.1709154036989807,0.6859521267659463,0.999975
polymer_combined_20260426a,Polymer combined disturb 2026-04-26 run A,P comb A,polymer,combined_disturb,disturb,Polymer/Results/combined_disturb_h_dqn_mismatch__m_td3_mismatch__w_td3_mismatch__r_td3_mismatch_rho/20260426_042026/input_data.pkl,Polymer/Data/mpc_results_dist.pickle,0.009011154473407657,0.002870287005357138,0.015152021941458179,0.0005592941635195354,-0.0014561224891654423,0.1603297209797392,0.4187965824626331,0.0002840212076833851,7.895084158429133e-05,0.0004890915737824789,-2.1747091950686543e-05,5.1391956138739185e-06,0.008727133265724272,-4.312291395358342,-2.430163613718711,-2.12647133254604,-2.1310760306747,-2.114303884412831,0.012167448133209025,-4.417343288580123,2.2862672579054233,0.1945411665545458,0.010081804208698348,0.20462296030100258,0.6654608271817899,0.9999625
polymer_combined_20260426b,Polymer combined disturb 2026-04-26 run B,P comb B,polymer,combined_disturb,disturb,Polymer/Results/combined_disturb_h_dqn_mismatch__m_td3_mismatch__w_td3_mismatch__r_td3_mismatch_rho/20260426_193310/input_data.pkl,Polymer/Data/mpc_results_dist.pickle,0.007662374821768706,0.002761904539894464,0.012562845103642948,0.000775498347364854,0.0036110896625528807,0.15502614142257787,0.40593665072389423,0.0002840212076833851,7.895084158429133e-05,0.0004890915737824789,-2.1747091950686543e-05,5.1391956138739185e-06,0.007378353614085321,-4.312291395358342,-2.080522073400901,-1.9891511246057867,-1.9912012380195587,-1.9543911860124148,0.0347599385933719,-4.417343288580123,2.426142050560564,0.18450513210289804,0.010426706624543085,0.1949318285177833,0.5806568637271994,0.99991875
distill_td3_20260414,Distillation residual TD3 2026-04-14,D td3 0414,distillation,distillation_td3,disturb,Distillation/Results/distillation_residual_td3_disturb_fluctuation_mismatch_rho_unified/20260414_063405/input_data.pkl,Distillation/Data/mpc_results_disturb_fluctuation.pickle,0.019587539980728097,0.00024296446647820077,0.038932115494978,0.00017226457290826772,-0.016152935013183937,0.0032149134143564474,0.4946411393787803,0.005086727081467963,9.485061457036814e-05,0.010078603548365556,8.25062676020549e-05,-0.009917090686207627,0.014500812899260133,-0.31072275618434964,-0.2341509109179194,-0.3857342838114069,-0.38390302626684064,-0.22129014860619697,0.16444413520520992,-0.30274535595606167,-0.08115767031077897,0.025431395435307216,0.0020853400682378288,0.027516731351148606,0.9847517090834678,0.99995
distill_sac_20260415,Distillation residual SAC 2026-04-15,D sac 0415,distillation,distillation_sac,disturb,Distillation/Results/distillation_residual_sac_disturb_fluctuation_mismatch_rho_unified/20260415_191909/input_data.pkl,Distillation/Data/mpc_results_disturb_fluctuation.pickle,0.010919329694303183,0.0012717642139523158,0.02056689517465405,-0.0012371625159389313,-0.019615007368419632,0.0046919225755380255,0.47497894685084235,0.005086727081467963,9.485061457036814e-05,0.010078603548365556,8.25062676020549e-05,-0.009917090686207627,0.00583260261283522,-0.31072275618434964,-0.3879775999648975,-0.5290965835629555,-0.5284718687439295,-0.2681352980735174,0.26096128548943814,-0.30274535595606167,-0.22572651278786782,0.0428352570670412,0.002528771742318299,0.04536402575626548,1.0,0.99995
distill_td3_20260417,Distillation residual TD3 2026-04-17,D td3 0417,distillation,distillation_td3,disturb,Distillation/Results/distillation_residual_td3_disturb_fluctuation_mismatch_rho_unified/20260417_181426/input_data.pkl,Distillation/Data/mpc_results_disturb_fluctuation.pickle,0.008131525099653598,0.00015044097237452517,0.01611260922693267,2.6790747678097545e-05,-0.00392678071973813,0.0028046320178904084,0.5136662904810012,0.005086727081467963,9.485061457036814e-05,0.010078603548365556,8.25062676020549e-05,-0.009917090686207627,0.0030447980181856358,17.088174743615678,18.0698404077325,18.285202991987124,18.098626230241504,18.86051037713259,0.575307385145468,-0.30274535595606167,18.401371586197566,0.026912766725696712,0.0016370543404500728,0.028549817384187225,0.5774117759062152,0.99995
distill_td3_20260420,Distillation residual TD3 2026-04-20,D td3 0420,distillation,distillation_td3,disturb,Distillation/Results/distillation_residual_td3_disturb_fluctuation_mismatch_rho_unified/20260420_175629/input_data.pkl,Distillation/Data/mpc_results_disturb_fluctuation.pickle,0.011315885082148931,0.0004350444843065726,0.02219672567999129,0.00038276403984963754,-0.009825014935125213,0.0030465547483294816,0.4497814811495786,0.005086727081467963,9.485061457036814e-05,0.010078603548365556,8.25062676020549e-05,-0.009917090686207627,0.006229158000680969,17.088174743615678,14.481711778196768,16.056738778107555,16.11246362803875,17.316854030077053,1.2601152519694985,-0.30274535595606167,16.415208983994813,0.03364150007675959,0.0017295370747125766,0.03537103383714322,0.7086675684116316,0.99995
distill_td3_20260425,Distillation residual TD3 2026-04-25,D td3 0425,distillation,distillation_td3,disturb,Distillation/Results/distillation_residual_td3_disturb_fluctuation_mismatch_rho_unified/20260425_082259/input_data.pkl,Distillation/Data/mpc_results_disturb_fluctuation.pickle,0.008479615516466317,0.00047112971441220613,0.016488101318520427,0.0004586152402910181,-0.016196919323577672,0.0030411729618122383,0.43592007120062976,0.005086727081467963,9.485061457036814e-05,0.010078603548365556,8.25062676020549e-05,-0.009917090686207627,0.0033928884349983543,17.088183427534364,17.838501906399976,13.473375854993549,14.096600168073374,18.417631669652486,4.944255814658938,-0.30274535595606167,14.399345524029435,0.02455844394020797,0.0012172334534717908,0.025775665384283445,0.5790315015985941,0.9999875
distill_sac_20260427,Distillation residual SAC 2026-04-27,D sac 0427,distillation,distillation_sac,disturb,Distillation/Results/distillation_residual_sac_disturb_fluctuation_mismatch_rho_unified/20260427_194850/input_data.pkl,Distillation/Data/mpc_results_disturb_fluctuation.pickle,0.0025022014467092272,0.0002305381523483898,0.004773864741070064,-7.613853458514885e-05,-0.002808863913258017,0.0037948077456817046,0.4394592702021778,0.005086727081467963,9.485061457036814e-05,0.010078603548365556,8.25062676020549e-05,-0.009917090686207627,-0.0025845256347587354,17.088183427534364,8.86284685714137,6.670036103023111,5.539349936343053,21.254873952570613,14.584837849547501,-0.30274535595606167,5.842095292299115,0.033588460180354045,0.0015140029080134593,0.035102455575777444,0.564530526971199,0.9999875
