Reflux Flow,Reboiler Duty,Tray 24 Ethane Comp.,Tray 85 Temp.
400000.0,130.0,0.0016234212782945462,-25.0200556743086
400000.0,130.0,0.0016234212782887244,-25.02005567431716
400000.0,130.0,0.0016234212782799485,-25.02005567432687
400000.0,130.0,0.001623421278269122,-25.02005567433677
400000.0,130.0,0.0016234212782568638,-25.02005567434654
400000.0,130.0,0.0016234212782438853,-25.020055674355667
400000.0,130.0,0.0016234212782304692,-25.02005567436474
400000.0,130.0,0.0016234212782174574,-25.02005567437258
400000.0,130.0,0.0016234212782044951,-25.02005567437989
400000.0,130.0,0.0016234212781926238,-25.020055674386263
400000.0,130.0,0.0016234212781816603,-25.020055674391745
400000.0,130.0,0.0016234212781721894,-25.0200556743958
400000.0,130.0,0.0016234212781637445,-25.020055674399316
400000.0,130.0,0.0016234212781568468,-25.020055674401707
400000.0,130.0,0.0016234212781510737,-25.020055674403327
400000.0,130.0,0.0016234212781463038,-25.020055674404514
400000.0,130.0,0.001623421278142716,-25.02005567440527
400000.0,130.0,0.001623421278140293,-25.020055674405107
400000.0,130.0,0.0016234212781383896,-25.02005567440499
400000.0,130.0,0.0016234212781375684,-25.02005567440412
400000.0,130.0,0.0016234212781375732,-25.02005567440289
400000.0,130.0,0.0016234212781385986,-25.020055674401306
400000.0,130.0,0.0016234212781403357,-25.02005567439949
400000.0,130.0,0.0016234212781415845,-25.020055674398392
400000.0,130.0,0.0016234212781433119,-25.020055674396783
400000.0,130.0,0.0016234212781450514,-25.02005567439562
400000.0,130.0,0.0016234212781470084,-25.02005567439401
400000.0,130.0,0.0016234212781489573,-25.02005567439279
400000.0,130.0,0.001623421278151129,-25.02005567439144
400000.0,130.0,0.001623421278153222,-25.020055674390317
400000.0,130.0,0.0016234212781552832,-25.02005567438913
400000.0,130.0,0.0016234212781568334,-25.020055674388654
400000.0,130.0,0.0016234212781583272,-25.020055674387983
400000.0,130.0,0.001623421278159504,-25.020055674387514
400000.0,130.0,0.0016234212781602315,-25.020055674387315
400000.0,130.0,0.0016234212781611951,-25.02005567438708
400000.0,130.0,0.001623421278161817,-25.020055674386956
400000.0,130.0,0.0016234212781622319,-25.020055674386928
400000.0,130.0,0.001623421278162392,-25.02005567438707
400000.0,130.0,0.0016234212781627451,-25.020055674387013
400000.0,115.0,0.0003313161082199592,-27.367409553903077
400000.0,115.0,7.77838976326989e-05,-27.840033366758462
400000.0,115.0,5.13174491160833e-05,-27.701174458389048
400000.0,115.0,4.8778130112186283e-05,-27.508114356827583
400000.0,115.0,4.926542270792222e-05,-27.343049893500147
400000.0,115.0,5.0139157091542576e-05,-27.201953678547156
400000.0,115.0,5.1301651007946006e-05,-27.07344957620423
400000.0,115.0,5.3235044197193574e-05,-26.9482010084713
400000.0,115.0,5.546604645163583e-05,-26.836261391130815
400000.0,115.0,5.7613151234711005e-05,-26.739701485243536
400000.0,115.0,5.955829956273897e-05,-26.657146271495368
400000.0,115.0,6.127712145216701e-05,-26.586972457132923
400000.0,115.0,6.278516727040682e-05,-26.52717406252393
400000.0,115.0,6.410306160683238e-05,-26.47615712051243
400000.0,115.0,6.524710214602696e-05,-26.432788317349043
400000.0,115.0,6.623958507406057e-05,-26.395820701171548
400000.0,115.0,6.709915239633411e-05,-26.364281515547038
400000.0,115.0,6.783941144348795e-05,-26.337475077985353
400000.0,115.0,6.84771996805679e-05,-26.314632981421894
400000.0,115.0,6.902626935084448e-05,-26.29515212601696
400000.0,115.0,6.949660040210161e-05,-26.278601046774323
400000.0,115.0,6.989997450872791e-05,-26.26450317794582
400000.0,115.0,7.02458656225343e-05,-26.252484475299045
400000.0,115.0,7.054111575412573e-05,-26.2422772296754
400000.0,115.0,7.079358350293695e-05,-26.23358608371935
400000.0,115.0,7.100950751493269e-05,-26.226179544894855
400000.0,115.0,7.119339089630768e-05,-26.219891649676406
400000.0,115.0,7.135031275790229e-05,-26.214539631604737
400000.0,115.0,7.148429155698195e-05,-26.20998015011903
400000.0,115.0,7.159821337312437e-05,-26.20611061779426
400000.0,115.0,7.16953078352798e-05,-26.202818974072738
400000.0,115.0,7.177809941820857e-05,-26.20001414143068
400000.0,115.0,7.184842250823546e-05,-26.197635057816793
400000.0,115.0,7.190830134413707e-05,-26.195611367274882
400000.0,115.0,7.195932272597032e-05,-26.19388840135089
400000.0,115.0,7.200262671274848e-05,-26.192427041260082
400000.0,115.0,7.203947276222698e-05,-26.19118430662392
400000.0,115.0,7.207084963360275e-05,-26.190126522488598
400000.0,115.0,7.209746560415236e-05,-26.189229561195855
400000.0,115.0,7.212010102732165e-05,-26.188467006132917
400000.0,115.0,7.213936778824857e-05,-26.187818099493512
400000.0,115.0,7.21557041623396e-05,-26.18726800082641
400000.0,115.0,7.216959191596491e-05,-26.186800427773782
400000.0,115.0,7.218140859783171e-05,-26.18640263001189
400000.0,115.0,7.219142456277524e-05,-26.186065480623828
400000.0,115.0,7.219993657268012e-05,-26.18577897206877
400000.0,115.0,7.220717705875857e-05,-26.18553526970354
400000.0,115.0,7.221331244257083e-05,-26.185328765232192
400000.0,115.0,7.221852519385208e-05,-26.18515331310617
400000.0,115.0,7.222295816589994e-05,-26.185004103277844
400000.0,115.0,7.222671393319537e-05,-26.184877726134037
400000.0,115.0,7.222990369831749e-05,-26.184770313008617
400000.0,115.0,7.223261586943414e-05,-26.184679006849766
400000.0,115.0,7.223491312356274e-05,-26.184601665651858
400000.0,115.0,7.22368640889402e-05,-26.18453597753479
400000.0,115.0,7.223852253860627e-05,-26.184480133276043
400000.0,115.0,7.22399269695214e-05,-26.184432837863877
400000.0,115.0,7.224111949069714e-05,-26.184392673403103
400000.0,115.0,7.224213304653836e-05,-26.184358534007433
400000.0,115.0,7.22429912204149e-05,-26.184329625076597
400000.0,115.0,7.224371979697791e-05,-26.184305078993766
400000.0,115.0,7.224433894094781e-05,-26.18428421724579
400000.0,115.0,7.224486308931734e-05,-26.184266554089323
400000.0,115.0,7.224530802048231e-05,-26.184251558533237
400000.0,115.0,7.224568607155468e-05,-26.184238815377057
400000.0,115.0,7.22460060750934e-05,-26.184228027380364
400000.0,115.0,7.224627768042188e-05,-26.18421886973066
400000.0,115.0,7.224650843095265e-05,-26.18421108848683
400000.0,115.0,7.224670374239829e-05,-26.184204503605475
400000.0,115.0,7.2246869467812e-05,-26.184198911401413
400000.0,115.0,7.224701026110109e-05,-26.18419416149454
400000.0,115.0,7.224712940999788e-05,-26.184190141245825
400000.0,115.0,7.22472305158586e-05,-26.184186729268774
400000.0,115.0,7.224731639503254e-05,-26.184183830692568
400000.0,115.0,7.224738906371789e-05,-26.184181377586125
400000.0,115.0,7.224745072222513e-05,-26.184179295791782
400000.0,115.0,7.224750309031091e-05,-26.18417752744031
400000.0,115.0,7.224754739885656e-05,-26.184176030996767
400000.0,115.0,7.224758499104409e-05,-26.1841747611802
400000.0,115.0,7.22476169162598e-05,-26.184173682610254
400000.0,115.0,7.22476439259046e-05,-26.184172769955207
400000.0,115.0,7.224766683957149e-05,-26.184171995572918
400000.0,115.0,7.224768629755964e-05,-26.18417133786696
400000.0,115.0,7.224770275835184e-05,-26.18417078137345
400000.0,115.0,7.224771672280892e-05,-26.1841703093491
400000.0,115.0,7.224772857886049e-05,-26.184169908249107
400000.0,115.0,7.224773860855923e-05,-26.18416956898849
400000.0,115.0,7.22477471162916e-05,-26.184169281164127
400000.0,115.0,7.224775434000535e-05,-26.18416903673604
400000.0,115.0,7.224776045023066e-05,-26.184168829947147
400000.0,115.0,7.224776563281653e-05,-26.18416865451511
400000.0,115.0,7.224777003301594e-05,-26.184168505545212
400000.0,115.0,7.224777375476417e-05,-26.184168379521218
400000.0,115.0,7.224777691137134e-05,-26.184168272614578
400000.0,115.0,7.224777959128319e-05,-26.184168181835375
400000.0,115.0,7.224778185787287e-05,-26.184168105042573
400000.0,115.0,7.224778378018367e-05,-26.184168039901774
400000.0,115.0,7.224778541213461e-05,-26.184167984589692
400000.0,115.0,7.224778679234336e-05,-26.18416793780126
400000.0,115.0,7.224778796293312e-05,-26.18416789812431
400000.0,115.0,7.224778895656805e-05,-26.184167864416313
400000.0,115.0,7.224778979690857e-05,-26.184167835912046
400000.0,115.0,7.224779050957085e-05,-26.184167811734426
400000.0,115.0,7.224779111456261e-05,-26.184167791205887
400000.0,115.0,7.224779162617149e-05,-26.184167773842198
400000.0,115.0,7.224779206001847e-05,-26.184167759114356
400000.0,115.0,7.22477924283125e-05,-26.184167746610008
400000.0,115.0,7.224779273975593e-05,-26.184167736033558
400000.0,115.0,7.224779300387338e-05,-26.18416772706288
400000.0,115.0,7.224779322807867e-05,-26.184167719446677
400000.0,115.0,7.224779341764909e-05,-26.184167713004808
400000.0,115.0,7.224779357843859e-05,-26.18416770754161
400000.0,115.0,7.224779371489531e-05,-26.18416770290237
400000.0,115.0,7.224779383028214e-05,-26.18416769897898
400000.0,115.0,7.224779392814882e-05,-26.184167695651137
400000.0,115.0,7.224779401120408e-05,-26.18416769282621
400000.0,115.0,7.224779408142471e-05,-26.18416769043695
400000.0,115.0,7.224779414096898e-05,-26.184167688410586
400000.0,115.0,7.224779419152431e-05,-26.184167686689985
400000.0,115.0,7.224779423424829e-05,-26.18416768523512
400000.0,115.0,7.224779427050116e-05,-26.184167684000855
400000.0,115.0,7.224779430127098e-05,-26.184167682953202
400000.0,115.0,7.224779432728105e-05,-26.18416768206685
400000.0,115.0,7.224779434934477e-05,-26.184167681315284
400000.0,115.0,7.224779436807653e-05,-26.184167680677067
400000.0,115.0,7.224779438390901e-05,-26.184167680137392
400000.0,115.0,7.22477943973323e-05,-26.18416767967965
400000.0,115.0,7.224779440873237e-05,-26.184167679291352
400000.0,115.0,7.224779441836253e-05,-26.18416767896262
400000.0,115.0,7.224779442654655e-05,-26.18416767868364
400000.0,115.0,7.224779443346567e-05,-26.18416767844724
400000.0,115.0,7.224779443933776e-05,-26.1841676782471
400000.0,115.0,7.224779444431214e-05,-26.184167678077333
400000.0,115.0,7.225072790796315e-05,-26.184107700206063
400000.0,115.0,7.229196525316127e-05,-26.183522954562942
400000.0,115.0,7.236407729852073e-05,-26.182723439835595
400000.0,115.0,7.24454163504583e-05,-26.181942580176635
400000.0,115.0,7.252600668902558e-05,-26.181250834054385
400000.0,115.0,7.260182527596865e-05,-26.18066540171812
400000.0,115.0,7.267106098588386e-05,-26.18018973344367
400000.0,115.0,7.273248768107451e-05,-26.17982513632744
400000.0,115.0,7.27856395252992e-05,-26.179565178275336
400000.0,115.0,7.283034121094191e-05,-26.179402520969838
400000.0,115.0,7.286644424681993e-05,-26.179328987124364
400000.0,115.0,7.28943887977708e-05,-26.17933380846992
400000.0,115.0,7.291470660758035e-05,-26.17940506625339
400000.0,115.0,7.292786640446796e-05,-26.17953255955374
400000.0,115.0,7.29347281476384e-05,-26.17970386983412
400000.0,115.0,7.293612429417246e-05,-26.179907911885863
400000.0,115.0,7.293277785800792e-05,-26.180134969376965
400000.0,115.0,7.292560703788174e-05,-26.18037522494565
400000.0,115.0,7.291543464025836e-05,-26.18062040879871
400000.0,115.0,7.290297311780319e-05,-26.180863288878
400000.0,115.0,7.288897285022832e-05,-26.181097734212408
400000.0,115.0,7.287407185299004e-05,-26.18131909555629
400000.0,115.0,7.285882141577962e-05,-26.181523259956652
400000.0,115.0,7.284371069324111e-05,-26.181707711931622
400000.0,115.0,7.282913059406085e-05,-26.18187085414878
400000.0,115.0,7.281541926327084e-05,-26.18201126951942
400000.0,115.0,7.280280811211833e-05,-26.18212917554684
400000.0,115.0,7.279145959287348e-05,-26.18222520713344
400000.0,115.0,7.278151468636039e-05,-26.182299885307774
400000.0,115.0,7.277300378861346e-05,-26.182354991345754
400000.0,115.0,7.276592076983322e-05,-26.182392360637404
400000.0,115.0,7.276026103654205e-05,-26.182413559473808
400000.0,115.0,7.275593044945628e-05,-26.18242093063534
400000.0,115.0,7.275282514050338e-05,-26.182416641767098
400000.0,115.0,7.275085601585836e-05,-26.182402552302833
400000.0,115.0,7.27498756112602e-05,-26.182380851874573
400000.0,115.0,7.274974452880778e-05,-26.18235345476062
400000.0,115.0,7.275034283397267e-05,-26.18232200619223
400000.0,115.0,7.275152277612108e-05,-26.182288151272616
400000.0,115.0,7.27531534285437e-05,-26.182253257514088
400000.0,115.0,7.27551220106336e-05,-26.18221850130023
400000.0,115.0,7.275731168595741e-05,-26.18218486608706
400000.0,115.0,7.275962404879637e-05,-26.182153114063038
400000.0,115.0,7.27619742713439e-05,-26.182123901143118
400000.0,115.0,7.27642882380151e-05,-26.182097618641535
400000.0,115.0,7.276650733014999e-05,-26.18207451572148
400000.0,115.0,7.276858098653906e-05,-26.182054806681293
400000.0,115.0,7.277047573543786e-05,-26.182038455500567
400000.0,115.0,7.277216861751959e-05,-26.18202535997791
400000.0,115.0,7.277363980867384e-05,-26.182015431750603
400000.0,115.0,7.277488668565913e-05,-26.182008393631197
400000.0,115.0,7.277591199966079e-05,-26.18200396045664
400000.0,115.0,7.277671809978188e-05,-26.182001886181894
400000.0,115.0,7.27773209543936e-05,-26.18200181199603
400000.0,115.0,7.277773776344572e-05,-26.182003406693383
400000.0,115.0,7.277798334391526e-05,-26.182006384515866
400000.0,115.0,7.277808114792888e-05,-26.18201041538741
400000.0,115.0,7.277805317582465e-05,-26.182015211701607
400000.0,115.0,7.277791839340988e-05,-26.182020525266967
400000.0,115.0,7.277769965371834e-05,-26.182026113052533
400000.0,115.0,7.277741709719024e-05,-26.182031774130543
400000.0,115.0,7.277708809337068e-05,-26.182037335039627
400000.0,115.0,7.277673029631894e-05,-26.182042655363148
400000.0,115.0,7.27763584859357e-05,-26.182047627608743
400000.0,115.0,7.277598541422008e-05,-26.182052158898646
400000.0,115.0,7.277562194844166e-05,-26.18205619873235
400000.0,115.0,7.277527701909392e-05,-26.18205967782618
