key,label,window,candidate_cap,clip_any_fraction,clip_du1_fraction,clip_du2_fraction,du1_mean_removed_scaled,du2_mean_removed_scaled
td3,TD3 residual,final_episode,0.02,0.1,0.01,0.095,3.447756171184868e-10,3.1007453798852227e-09
td3,TD3 residual,final_episode,0.015,0.2175,0.075,0.2175,0.00027402745373547084,0.00106495348662138
td3,TD3 residual,final_episode,0.0125,0.2225,0.1,0.2225,0.0004920335649512707,0.0016122988793067633
td3,TD3 residual,final_episode,0.01,0.225,0.1175,0.225,0.0007752348639070988,0.002169842686038464
td3,TD3 residual,final_episode,0.0075,0.235,0.1575,0.2275,0.0011232603566255419,0.0027365146696567534
td3,TD3 residual,final_episode,0.005,0.2475,0.1825,0.245,0.0015498196199536323,0.003327382584661245
td3,TD3 residual,tail20,0.02,0.087625,0.0155,0.079125,4.696752875978788e-10,2.2365897893576216e-09
td3,TD3 residual,tail20,0.015,0.196,0.09225,0.188125,0.00036596997388638566,0.0009203654706012458
td3,TD3 residual,tail20,0.0125,0.201125,0.11175,0.192625,0.0006186299491440876,0.0013953558118315415
td3,TD3 residual,tail20,0.01,0.20725,0.132875,0.199,0.0009248731345729901,0.0018838710426259783
td3,TD3 residual,tail20,0.0075,0.220875,0.161,0.20825,0.001291718267912511,0.0023922590863797817
td3,TD3 residual,tail20,0.005,0.25875,0.2005,0.234125,0.0017387642666022293,0.0029384085043845697
td3,TD3 residual,collapse31_40,0.02,0.06125,0.0315,0.0445,1.0932609438765034e-09,1.5791878104024632e-09
td3,TD3 residual,collapse31_40,0.015,0.9995,0.9575,0.974,0.002501828421652318,0.0025925514880660925
td3,TD3 residual,collapse31_40,0.0125,0.99975,0.9685,0.97925,0.004910855837119744,0.00503589764502831
td3,TD3 residual,collapse31_40,0.01,0.99975,0.9755,0.98275,0.007340671111019329,0.007488476610872896
td3,TD3 residual,collapse31_40,0.0075,0.99975,0.9835,0.9875,0.009790672928648998,0.009951470779371445
td3,TD3 residual,collapse31_40,0.005,0.99975,0.9895,0.99025,0.012258337042652999,0.012423909025192258
td3,TD3 residual,recovery41_60,0.02,0.422125,0.194875,0.29625,7.2081666438960325e-09,1.109209842967574e-08
td3,TD3 residual,recovery41_60,0.015,0.987375,0.882,0.937,0.004102278194488027,0.004518413196136244
td3,TD3 residual,recovery41_60,0.0125,0.992625,0.909875,0.9515,0.0063428935655159896,0.006880799989029767
td3,TD3 residual,recovery41_60,0.01,0.996,0.932125,0.961,0.008646374883167447,0.009271473363959231
td3,TD3 residual,recovery41_60,0.0075,0.998125,0.9495,0.971375,0.010999227416261562,0.011685611859280612
td3,TD3 residual,recovery41_60,0.005,0.99925,0.968375,0.980125,0.013395792236768173,0.014124074405592399
td7,TD7 residual,final_episode,0.02,0.0325,0.0075,0.03,2.6673078536675053e-10,4.615634679669411e-10
td7,TD7 residual,final_episode,0.015,0.19,0.025,0.1825,9.156256774440409e-05,0.0007878792745061219
td7,TD7 residual,final_episode,0.0125,0.2,0.0325,0.1925,0.000163810343015939,0.001255790173076093
td7,TD7 residual,final_episode,0.01,0.2075,0.065,0.2,0.0002756360423751175,0.0017460733018815516
td7,TD7 residual,final_episode,0.0075,0.2125,0.1225,0.2075,0.000496022515418008,0.0022585201136767867
td7,TD7 residual,final_episode,0.005,0.235,0.175,0.225,0.0008537363018840551,0.0027912238198332484
td7,TD7 residual,tail20,0.02,0.040625,0.00475,0.03675,1.4176592230599055e-10,1.0592490434493604e-09
td7,TD7 residual,tail20,0.015,0.207125,0.029375,0.202625,0.00012425813130103054,0.0008794851986970753
td7,TD7 residual,tail20,0.0125,0.216375,0.035125,0.21225,0.00020561521153431383,0.0013985302426852287
td7,TD7 residual,tail20,0.01,0.223,0.059125,0.21925,0.0003158414308540524,0.001938310244823806
td7,TD7 residual,tail20,0.0075,0.229,0.122625,0.226,0.0005386493688472547,0.002493996163778938
td7,TD7 residual,tail20,0.005,0.24475,0.179625,0.239625,0.0009193335695960558,0.003074850462779868
td7,TD7 residual,collapse31_40,0.02,0.00375,0.001,0.003,2.7492642402232593e-11,7.968395948285134e-11
td7,TD7 residual,collapse31_40,0.015,0.52175,0.4105,0.403,0.0005580897757038476,0.0007070516538061203
td7,TD7 residual,collapse31_40,0.0125,0.54275,0.43725,0.4535,0.0016212288387585435,0.0017776602319907395
td7,TD7 residual,collapse31_40,0.01,0.572,0.4615,0.5085,0.0027425997939333323,0.002977030990142375
td7,TD7 residual,collapse31_40,0.0075,0.61125,0.49425,0.56025,0.0039339339507604015,0.004316060884185134
td7,TD7 residual,collapse31_40,0.005,0.68975,0.55825,0.6305,0.005233593540042637,0.005796072792927733
td7,TD7 residual,recovery41_60,0.02,0.04475,0.005,0.041375,1.3932585716039392e-10,1.2881495058364272e-09
td7,TD7 residual,recovery41_60,0.015,0.18575,0.0265,0.180625,9.487749748863282e-05,0.0007250780652742835
td7,TD7 residual,recovery41_60,0.0125,0.20475,0.033,0.199125,0.00016826958870515225,0.0012007319711381567
td7,TD7 residual,recovery41_60,0.01,0.2225,0.05075,0.215875,0.00027045159397646784,0.001717360701239668
td7,TD7 residual,recovery41_60,0.0075,0.253875,0.09275,0.24225,0.00044179075484164065,0.002286663133902475
td7,TD7 residual,recovery41_60,0.005,0.354875,0.190875,0.30625,0.0007798633398790843,0.0029554569404572247
