key,label,window,episode_start,episode_end,reward_mean,reward_min,reward_min_episode,comp_mae,temp_mae,band_norm_mae,outside_band_frac,handoff_authority_mean,cap_mean,cap_projection_frac,guard_active_frac,guard_trigger_frac,guard_selected_scale_mean,requested_residual_norm_mean,post_cap_residual_norm_mean,post_guard_residual_norm_mean,executed_residual_norm_mean,executed_residual_norm_q95,release_gate_pass_frac,release_gate_would_block_frac,release_gate_rolling_mean_gap,release_gate_rolling_max_coord_gap,policy_executed_gap_norm_mean,shadow_rho_projection_frac,shadow_rho_eff_mean
baseline,OF-MPC,warm_1_10,1,10,7.291289684190319,-2.4766759695109113,1,0.001594037677705391,0.19292062296718404,0.5931331560108423,0.160625,,,,,,,,,,,,,,,,,,
baseline,OF-MPC,handoff_guard_11_20,11,20,9.880988321387425,9.069503086859902,11,0.0014061000911933642,0.17267752839841044,0.5263651388602473,0.1305,,,,,,,,,,,,,,,,,,
baseline,OF-MPC,guard_no_handoff_21_30,21,30,10.62024179279982,10.401200014757494,21,0.0013676347328021093,0.16862616025797258,0.5134850102145041,0.124125,,,,,,,,,,,,,,,,,,
baseline,OF-MPC,unguarded_cap_31_40,31,40,8.892962813441677,7.264850161607337,40,0.0014236590754434823,0.17706861744338404,0.5368304561883085,0.136,,,,,,,,,,,,,,,,,,
baseline,OF-MPC,recovery_41_60,41,60,6.019871267538032,5.109562485063978,50,0.001562494986213623,0.19651962654254312,0.5950970351706787,0.168,,,,,,,,,,,,,,,,,,
baseline,OF-MPC,tail_181_200,181,200,6.390950484125978,4.488489332146679,195,0.0015451226693251852,0.19208502552678386,0.5833291294008227,0.16325,,,,,,,,,,,,,,,,,,
td3,TD3 residual,warm_1_10,1,10,7.291996180451477,-2.4754631157459563,1,0.0015940893520646111,0.1929182298663558,0.5931323655074955,0.160625,0.0,,0.0,0.0,0.0,1.0,0.028167372387593915,0.0,0.0,4.465973688029432e-08,7.10334994304382e-08,0.0,0.0,0.28948771514171695,0.9371043680598959,0.2955530370248963,1.0,0.5516276002984771
td3,TD3 residual,handoff_guard_11_20,11,20,8.629809220900892,6.2085863803134576,14,0.0015117553722944418,0.1720043049067,0.5351917843785031,0.131375,0.54975,0.007327004164834312,0.6995,0.99975,0.9815,0.0702,0.028026663631491047,0.009665879819375072,0.0005527715264220343,0.0005528017161194201,0.002682073603584231,0.0,0.99975,0.4077293925407563,1.0,0.4213898933575909,0.9995,0.5544230378368433
td3,TD3 residual,guard_no_handoff_21_30,21,30,9.313248794381554,6.45712377052407,22,0.0015084934911240824,0.17118531691332312,0.5328188762397217,0.1185,1.0,0.012498706896551724,0.99875,1.0,0.99475,0.021862499999999997,0.027543182874422152,0.017457148473610812,0.00037561147403175323,0.0003756516146778712,0.0018774692667569975,0.0,1.0,0.447711971541535,1.0,0.44444514350864234,1.0,0.5571047998502122
td3,TD3 residual,unguarded_cap_31_40,31,40,-63.12662775322864,-89.3750462059742,39,0.004183482033528471,0.6164088472030841,1.795523850946204,0.4805,1.0,0.01767112068965517,0.89825,0.00025,0.00025,0.99975,0.02773905186126079,0.024604106811075305,0.024598864467697545,0.024598865071902558,0.028284228468443813,0.0,1.0,1.0264000589635633,1.0,1.3728869189498787,1.0,0.9184932899139052
td3,TD3 residual,recovery_41_60,41,60,-46.328051876550106,-70.85735196186636,45,0.004812294389791175,0.46415758397273205,1.4712983549799497,0.4739375,1.0,0.02,0.0,0.0,0.0,1.0,0.026817236348791355,0.026817236348791355,0.026817236348791355,0.026771389174638067,0.028284311445037996,0.0,1.0,1.1428947363828674,1.0,1.30105312470926,1.0,0.8903850677375071
td3,TD3 residual,tail_181_200,181,200,27.888185143193624,26.762396641648756,190,0.0010611260818015004,0.06982065164499598,0.251736715103514,0.0921875,1.0,0.02,0.0,0.0,0.0,1.0,0.006543400728652891,0.006543400728652891,0.006543400728652891,0.006543400020126892,0.02796840628467388,0.0,1.0,0.33468755098453734,1.0,0.11992170825367598,1.0,0.37512298022630736
td7,TD7 residual,warm_1_10,1,10,7.291996180451477,-2.4754631157459563,1,0.0015940893520646111,0.1929182298663558,0.5931323655074955,0.160625,0.0,,0.0,0.0,0.0,1.0,0.014474728736019451,0.0,0.0,4.465973688029432e-08,7.10334994304382e-08,0.0,0.0,0.6658038742915674,0.9628689973941073,0.6727142432540993,1.0,0.5516276002984771
td7,TD7 residual,handoff_guard_11_20,11,20,8.22562263797332,2.9625356549167305,12,0.0018081669279351267,0.17019977120211166,0.5557541085657608,0.131875,0.54975,0.007327004164834312,0.278,0.99975,0.9325,0.16583749999999997,0.012541924251941288,0.005141072007076621,0.0008358264948442928,0.0008358429877110392,0.0034886387935925615,0.0,0.99975,0.5811284871195532,1.0,0.5429866556195716,0.99925,0.5833993115585593
td7,TD7 residual,guard_no_handoff_21_30,21,30,9.717069879308049,7.375274855096635,21,0.0017927129104291914,0.16171618411948274,0.5355983162792561,0.124375,1.0,0.012498706896551724,0.3585,1.0,0.97675,0.09077500000000001,0.01032667852396667,0.008014668652433507,0.0008487423939396098,0.000848766606269006,0.0035965071705874574,0.0,1.0,0.4767946105403451,1.0,0.43716335722218547,0.99975,0.5788130301319141
td7,TD7 residual,unguarded_cap_31_40,31,40,-17.602408442167132,-65.34416820058145,33,0.0061434781102626,0.2705380361537654,1.1461819650681173,0.4375,1.0,0.01767112068965517,0.46025,0.00025,0.00025,0.9998125,0.01519264300497202,0.01376108179660262,0.013757150039069303,0.013757149410609276,0.025358193322860677,0.0,1.0,0.7598480898362193,0.9999999381899833,0.1728358621623621,1.0,0.7700383909165118
td7,TD7 residual,recovery_41_60,41,60,20.188634245123353,17.22826661899724,48,0.0015803517078761583,0.08177837890341837,0.3279024322031223,0.124875,1.0,0.02,0.0,0.0,0.0,1.0,0.007264699970831085,0.007264699970831085,0.007264699970831085,0.007264700080198397,0.0213314035501379,0.0,1.0,0.3361712381166883,0.9999999494180083,0.10619369859550241,1.0,0.45676784492803313
td7,TD7 residual,tail_181_200,181,200,31.06896604425047,28.156026876980132,194,0.0012896125604388749,0.054087951182102245,0.24112951707435326,0.1040625,1.0,0.02,0.0,0.0,0.0,1.0,0.005664232918578061,0.005664232918578061,0.005664232918578061,0.005664232910656184,0.022192871839464782,0.0,1.0,0.27694881116086817,1.0,0.02790413752373354,1.0,0.3716487551184864
