family,variant,style,window,gate_pass_fraction,executed_distance_mean
Scalar matrix,Step 3D relaxed gate,relaxed,11-20,0.0,0.0
Scalar matrix,Step 3D relaxed gate,relaxed,21-40,0.0,0.0
Scalar matrix,Step 3D relaxed gate,relaxed,41-100,0.0,0.0
Scalar matrix,Step 3D relaxed gate,relaxed,101-200,0.0,0.0
Scalar matrix,Step 3D hard gate,hard,11-20,0.0,0.0
Scalar matrix,Step 3D hard gate,hard,21-40,0.0,0.0
Scalar matrix,Step 3D hard gate,hard,41-100,0.0,0.0
Scalar matrix,Step 3D hard gate,hard,101-200,0.0,0.0
Structured matrix,Step 3D relaxed gate,relaxed,11-20,0.0,0.0
Structured matrix,Step 3D relaxed gate,relaxed,21-40,0.000125,8.725705141598625e-05
Structured matrix,Step 3D relaxed gate,relaxed,41-100,0.0008958333333333333,0.0004816707078724282
Structured matrix,Step 3D relaxed gate,relaxed,101-200,0.002075,0.0012260832668370668
Structured matrix,Step 3D hard gate,hard,11-20,0.0,0.0
Structured matrix,Step 3D hard gate,hard,21-40,0.0,0.0
Structured matrix,Step 3D hard gate,hard,41-100,0.0,0.0
Structured matrix,Step 3D hard gate,hard,101-200,0.0,0.0
