key,label,family,role,path,timestamp,agent_kind,algorithm,notebook_source,state_mode,markov_state_mode,markov_agent_state_features,mpc_horizons,episodes,warm_start_subepisodes,handover_subepisodes,tail_reward,delta_vs_ofmpc,final_reward,worst_postwarm_reward,negative_postwarm_episodes,first_live_reward_mean,tail_comp_mae,tail_temp_mae,tail_outside_band_frac,tail_mean_abs_du_scaled,first_live_comp_mae,first_live_temp_mae,first_live_outside_band_frac,recipe_count,recipe_np_min,recipe_np_max,recipe_nc_min,recipe_nc_max,tail_sg_policy_step_frac,tail_sg_supervisor_step_frac,tail_sg_held_step_frac,tail_sg_fallback_step_frac,tail_sg_policy_decision_frac,tail_sg_adv_median,tail_sg_adv_q10,tail_sg_adv_q90,first_live_sg_policy_step_frac,first_live_sg_supervisor_step_frac,first_live_sg_held_step_frac,first_live_sg_fallback_step_frac,first_live_sg_policy_decision_frac,first_live_sg_adv_median,first_live_sg_adv_q10,first_live_sg_adv_q90,config_state_mode,config_action_freeze,config_actor_freeze,config_advantage_margin,config_uncertainty_weight,config_supervisor_action_weight,replay_capacity,replay_size,param_noise_trace_len,exploration_note,source_0_count,source_1_count,source_2_count,source_0_frac,source_1_frac,source_2_frac,source_3_count,source_3_frac,tail_horizon_recipe_count,tail_horizon_unique_pairs,tail_horizon_top_pair,tail_horizon_top_pair_frac,tail_horizon_default_pair_frac,tail_horizon_switch_frac,tail_horizon_mean_predict,tail_horizon_mean_control,first_live_horizon_recipe_count,first_live_horizon_unique_pairs,first_live_horizon_top_pair,first_live_horizon_top_pair_frac,first_live_horizon_default_pair_frac,first_live_horizon_switch_frac,first_live_horizon_mean_predict,first_live_horizon_mean_control
ofmpc,OF-MPC,baseline,baseline,Distillation/Data/mpc_results_disturb_fluctuation.pickle,Data,ofmpc,,,,,,"(6, 3)",200,5,3,6.390950484125978,0.0,6.926159462874596,4.488489332146679,0,10.412249225699306,0.0015451226693251852,0.19208502552678386,0.2515,0.004241520608321711,0.0013751455345723173,0.16946033143881573,0.22125,,,,,,nan,nan,nan,nan,nan,nan,nan,nan,nan,nan,nan,nan,nan,nan,nan,nan,,,,,,,,,0,,,,,,,,,,,,,,,,,,,,,,,,,
weights_current,Weights SG-TD3 replay40k,weights,current,Distillation/Results/distillation_weights_sg_td3_critic_warm3_margin0_sup001_gauss015_003_manual_off_disturb_fluctuation_mismatch/20260607_164103/input_data.pkl,20260607_164103,sg_td3,sg_td3,distillation_RL_assisted_MPC_weights_supervisor_gated_td3_critic_warm_unified.py,mismatch,,,"(6, 3)",200,10,3,15.27891661530293,8.887966131176952,13.557418237743393,8.141683659095698,0,12.541909574429544,0.0013428758683891628,0.1520319779238143,0.231125,0.003917486988150802,0.001406760516018171,0.1578574821718147,0.224,,,,,,0.6185,0.3815,0.0,0.0,0.6185,1.9434486925283636,-7.2425659416513986,31.864442053287092,0.346375,0.653625,0.0,0.0,0.346375,-2.756596245835425,-24.896456588062254,10.740283647111951,mismatch,3,3,0.0,0.5,0.01,40000,40000,74799,gaussian 0.15 to 0.03,4001,34782,41217,0.0500125,0.434775,0.5152125,,,,,,,,,,,,,,,,,,
weights_previous,Weights SG-TD3 June 6,weights,reference,Distillation/Results/distillation_weights_sg_td3_critic_warm3_margin0_sup001_gauss015_003_manual_off_disturb_fluctuation_mismatch/20260606_075201/input_data.pkl,20260606_075201,sg_td3,sg_td3,distillation_RL_assisted_MPC_weights_supervisor_gated_td3_critic_warm_unified.py,mismatch,,,"(6, 3)",200,10,3,19.046379889070487,12.65542940494451,18.450635444769574,7.460474029518391,0,11.010765615867943,0.0009574092023308579,0.1559477433046383,0.245,0.004146288268042292,0.0014780020594701779,0.16582514407216017,0.23675,,,,,,0.71375,0.28625,0.0,0.0,0.71375,5.33341304784426,-6.583997598905852,67.85890313933393,0.293625,0.706375,0.0,0.0,0.293625,-2.693395658420804,-26.429757269299124,7.217091162112498,mismatch,3,3,0.0,0.5,0.01,150000,79600,74799,,4001,33296,42703,0.0500125,0.4162,0.5337875,,,,,,,,,,,,,,,,,,
residual_current,Residual SG-TD3 param-noise replay40k,residual,current,Distillation/Results/distillation_residual_sg_td3_critic_warm3_margin05_paramnoise_manual_off_disturb_fluctuation_mismatch_no_rho/20260607_164522/input_data.pkl,20260607_164522,sg_td3,sg_td3,distillation_RL_assisted_MPC_residual_supervisor_gated_td3_critic_warm_unified.py,mismatch,,,"(6, 3)",200,10,3,29.80092557934492,23.409975095218943,32.905019885790374,-16.515674611847878,1,7.449445751689742,0.0010433828777830262,0.07274001820489039,0.13075,0.004560617722570896,0.0019648998652869636,0.1769356596516415,0.27775,,,,,,0.448625,0.551375,0.0,0.0,0.448625,0.16280284075457985,-5.066855962980116,35.15280855319372,0.037375,0.962625,0.0,0.0,0.037375,-141.38028914369568,-429.73894634730135,-36.75636030278947,mismatch,3,3,0.5,0.5,0.05,40000,40000,74799,param-noise 0.10 to 0.02,4001,56425,19574,0.0500125,0.7053125,0.244675,,,,,,,,,,,,,,,,,,
residual_previous,Residual SG-TD3 June 6 no-param-noise,residual,reference,Distillation/Results/distillation_residual_sg_td3_critic_warm3_manual_off_disturb_fluctuation_mismatch_no_rho/20260606_074932/input_data.pkl,20260606_074932,sg_td3,sg_td3,distillation_RL_assisted_MPC_residual_supervisor_gated_td3_critic_warm_unified.py,mismatch,,,"(6, 3)",200,10,3,31.171411119893754,24.780460635767778,33.11587441619503,-15.99714812677589,5,6.434845995387017,0.0010543191834924363,0.06953874667468823,0.132,0.004515006415545941,0.002480191303390723,0.14765535696836843,0.286375,,,,,,0.519875,0.480125,0.0,0.0,0.519875,0.6289650292480928,-2.6365251832896774,43.60211650905787,0.31175,0.68825,0.0,0.0,0.31175,-3.509657841015038,-43.87954509330423,14.997121047451445,mismatch,3,3,0.5,0.5,0.05,150000,79600,74799,,4001,44501,31498,0.0500125,0.5562625,0.393725,,,,,,,,,,,,,,,,,,
markov_current,Markov SG-TD3 margin0.5 replay40k,markov,current,Distillation/Results/distillation_markov_sg_td3_critic_warm3_margin05_softparamnoise_ls_else_mpc_shadow_disturb_fluctuation_mismatch/20260607_174217/input_data.pkl,20260607_174217,sg_td3,,distillation_RL_assisted_MPC_markov_supervisor_gated_td3_critic_warm_unified.py,standard,mismatch,markov,"(6, 3)",200,10,3,29.930505917854656,23.53955543372868,31.81950238456854,-13.022329062922834,5,11.019827716377751,0.000886940799860799,0.0658461201158166,0.141,0.004724025580899374,0.0014869182007632622,0.1636513131513115,0.24575,,,,,,0.403875,0.596125,0.0,0.0,0.403875,-0.5692841284094357,-7.416938220702376,27.245442921328586,0.06925,0.93075,0.0,0.0,0.06925,-156.11045794523002,-373.9359736605615,-12.64605402181843,mismatch with Markov features,3,3,0.5,0.5,0.02,40000 default,,0,"param-noise 0.10 to 0.02, trace not saved",4001,58761,17238,0.0500125,0.7345125,0.215475,,,,,,,,,,,,,,,,,,
markov_previous,Markov SG-TD3 June 6 margin0,markov,reference,Distillation/Results/distillation_markov_sg_td3_critic_warm3_ls_else_mpc_shadow_disturb_fluctuation_mismatch_paramnoise/20260606_105404/input_data.pkl,20260606_105404,sg_td3,,distillation_RL_assisted_MPC_markov_supervisor_gated_td3_critic_warm_unified.py,standard,mismatch,markov,"(6, 3)",200,10,3,27.34754672027402,20.956596236148044,31.216995871600112,-1.971924846964039,2,13.198947145480494,0.001152750792559898,0.06186387560453683,0.13675,0.004626361201643164,0.0013431954969154033,0.1551613266812772,0.224125,,,,,,0.366125,0.633875,0.0,0.0,0.366125,-2.6445812710807104,-14.232760585416644,23.549807567940128,0.03725,0.96275,0.0,0.0,0.03725,-219.55454480171204,-546.2573877737492,-36.3080017280579,mismatch,,,0.0,0.5,0.02,,,0,,4001,63911,12088,0.0500125,0.7988875,0.1511,,,,,,,,,,,,,,,,,,
horizon_current,Horizon SG-DQN replay40k,horizon,current,Distillation/Results/distillation_horizon_sg_dqn_critic_warm3_default_ofmpc_eps02_002_disturb_fluctuation_mismatch_np6_11_nc3_11/20260607_155359/input_data.pkl,20260607_155359,sg_dqn,sg_dqn,distillation_RL_assisted_MPC_horizons_supervisor_gated_dqn_unified.py,mismatch,,,"(6, 3)",200,10,3,12.032428155767196,5.641477671641218,9.89650687304899,6.242390830885072,0,10.93649872205303,0.0009524872752250187,0.18306829713708317,0.227625,0.004238738346360907,0.0010996797555198605,0.16653643646031616,0.229125,39,6,11,3,11,0.134625,0.115375,0.75,0.0,0.5385,3.400238037109375,0.0,18.783251953125003,0.0545,0.195625,0.749875,0.0,0.2178910544727636,0.0,-323.91605014801024,16.883066987991338,mismatch,3,n/a,0.0,,,40000,40000,0,epsilon,4001,11556,8344,0.0500125,0.14445,0.1043,56099,0.7012375,39,39,"(6, 3)",0.4615,0.4615,0.08663582947868484,7.5875,4.4955,39,39,"(6, 3)",0.782125,0.782125,0.04525565695711964,6.544125,3.606
horizon_previous,Horizon SG-DQN June 6,horizon,reference,Distillation/Results/distillation_horizon_sg_dqn_critic_warm3_default_ofmpc_eps02_002_disturb_fluctuation_mismatch_np6_11_nc3_11/20260606_071451/input_data.pkl,20260606_071451,sg_dqn,sg_dqn,distillation_RL_assisted_MPC_horizons_supervisor_gated_dqn_unified.py,mismatch,,,"(6, 3)",200,10,3,12.472735523603308,6.081785039477331,11.677230134320753,7.023701427722889,0,11.084308219495716,0.0009792064356414281,0.1824986691706688,0.238625,0.004217863170006529,0.0010516276199842283,0.167122575207448,0.238375,39,6,11,3,11,0.21875,0.03125,0.75,0.0,0.875,9.210693359375,0.0,20.695458984375,0.05675,0.193375,0.749875,0.0,0.22688655672163918,0.0,-429.1962440490722,22.539608383178766,mismatch,3,,0.0,,,150000,79199,0,,4001,9331,10569,0.0500125,0.1166375,0.1321125,56099,0.7012375,39,39,"(6, 4)",0.144,0.125,0.13876734591823978,7.789,5.2565,39,38,"(6, 3)",0.773125,0.773125,0.04513064133016627,6.6475,3.666125
dueling_current,Dueling SG-DQN replay40k,dueling horizon,current,Distillation/Results/distillation_dueling_horizon_sg_dqn_critic_warm3_default_ofmpc_eps02_002_disturb_fluctuation_mismatch_np6_11_nc3_11/20260607_160052/input_data.pkl,20260607_160052,sg_dueling_dqn,sg_dueling_dqn,distillation_RL_assisted_MPC_horizons_supervisor_gated_dueling_dqn_unified.py,mismatch,,,"(6, 3)",200,10,3,11.36844796605842,4.977497481932443,11.104202759356605,5.835911896029333,0,12.107102001565382,0.001068564549730598,0.18977185298012608,0.255125,0.004329262794087766,0.0010813552800863831,0.1699823551648048,0.236625,39,6,11,3,11,0.137875,0.112125,0.75,0.0,0.5515,0.3006591796875,0.0,10.5426467895508,0.0855,0.164625,0.749875,0.0,0.34182908545727136,0.0,-19.111595344543453,3.211483955383302,mismatch,3,n/a,0.0,,,40000,40000,0,epsilon,4001,11950,7950,0.0500125,0.149375,0.099375,56099,0.7012375,39,37,"(6, 3)",0.4485,0.4485,0.09538692336542068,7.3855,4.615,39,39,"(6, 3)",0.658125,0.658125,0.05900737592199025,6.9505,3.88775
dueling_wide,Dueling SG-DQN June 4 wide,dueling horizon,reference,Distillation/Results/distillation_dueling_horizon_sg_dqn_critic_warm3_default_ofmpc_eps02_002_disturb_fluctuation_mismatch/20260604_105140/input_data.pkl,20260604_105140,sg_dueling_dqn,sg_dueling_dqn,distillation_RL_assisted_MPC_horizons_supervisor_gated_dueling_dqn_unified.py,mismatch,,,"(6, 3)",200,10,3,6.354272592167421,-0.03667789195855686,4.915107016729685,-8.914280201850307,43,8.406810968676314,0.001447810430109908,0.21422890015640342,0.300875,0.004895114363937468,0.0012500491807328781,0.19057767970934342,0.260125,87,4,14,2,13,0.17925,0.07075,0.75,0.0,0.717,1.7759933471679688,0.0,18.57301635742188,0.097,0.153125,0.749875,0.0,0.38780609695152424,0.0,-21.803506088256835,12.695671081542981,mismatch,3,,0.0,,,150000,79199,0,,4001,9298,10602,0.0500125,0.116225,0.132525,56099,0.7012375,87,69,"(6, 3)",0.283,0.283,0.11588948618577322,8.431,5.387,87,87,"(6, 3)",0.612125,0.612125,0.07875984498062258,7.2405,3.989875
