method,family,batch,bundle,episodes,warm_episodes,current_tail_reward,current_final_reward,x24_rmse_tail,T85_rmse_tail,band_norm_mae_tail,outside_band_tail_frac,mean_abs_du_scaled_tail,tail_reward_delta_vs_ofmpc,tail_reward_delta_vs_previous_same_family
OF-MPC,baseline,baseline,Distillation\Data\mpc_results_disturb_fluctuation.pickle,200,5.0,13.27670484592394,13.136131590145146,0.003085948422369301,0.4739832126339395,0.5861413095556693,0.249,0.004258875824476041,0.0,nan
TD3 Weights,weights,previous_blocked,Distillation\Results\distillation_weights_td3_disturb_fluctuation_mismatch_unified\20260522_181031\input_data.pkl,200,10.0,13.27683313889124,13.136432682203536,0.0030860017955078004,0.47396429749621366,0.5861377272177,0.249,0.0042587801612458025,0.00012829296730032524,nan
TD3 Residual,residual,previous_blocked,Distillation\Results\distillation_residual_td3_disturb_fluctuation_mismatch_rho_unified\20260522_180223\input_data.pkl,200,10.0,13.27679162628488,13.136255589022603,0.003086001913583512,0.47396404958879135,0.5861376442158164,0.249,0.004258780315518379,8.67803609398976e-05,nan
TD3 Markov,markov,previous_blocked,Distillation\Results\distillation_markov_td3_disturb_fluctuation_unified\20260522_190448\input_data.pkl,200,10.0,13.466470658801374,13.2668434449748,0.003017931941916246,0.4693264010220263,0.5765746330761488,0.24225,0.004340803302615356,0.18976581287743421,nan
TD3 Weights,weights,latest_controlled_authority,Distillation\Results\distillation_weights_td3_disturb_fluctuation_mismatch_unified\20260523_204146\input_data.pkl,200,10.0,11.676330836548098,11.914305096603362,0.0032207246837964443,0.5055093209359455,0.6499960686682584,0.26875,0.0041309538497041574,-1.600374009375841,-1.6005023023431413
TD3 Residual,residual,latest_controlled_authority,Distillation\Results\distillation_residual_td3_disturb_fluctuation_mismatch_rho_unified\20260523_203649\input_data.pkl,200,10.0,14.378098502970682,14.969001770374508,0.0033531077102927275,0.36156122373948896,0.6047435417464346,0.25075,0.0036711185276508333,1.1013936570467422,1.1013068766858023
Horizon DDQN,horizon,latest_controlled_authority,Distillation\Results\distillation_horizon_disturb_fluctuation_mismatch_unified\20260523_210449\input_data.pkl,200,10.0,14.290126974470203,13.6047601908675,0.0025604518218870598,0.5095753779363199,0.5585367793309389,0.256,0.004894901149329415,1.0134221285462637,nan
Dueling Horizon,dueling,latest_controlled_authority,Distillation\Results\distillation_dueling_horizon_disturb_fluctuation_mismatch_unified\20260523_210709\input_data.pkl,200,10.0,14.791010917707387,13.30926782813399,0.00304841409494815,0.5014186850539186,0.5689565484441231,0.2555,0.0049223788544151955,1.514306071783448,nan
TD3 Markov,markov,latest_controlled_authority,Distillation\Results\distillation_markov_td3_disturb_fluctuation_unified\20260523_224108\input_data.pkl,200,10.0,-25.467484338371015,-22.91031193601072,0.007423157332087157,0.9055727067607388,1.4713520132772873,0.6565,0.009670057489068122,-38.74418918429495,-38.93395499717239
