run_key,window,method,block,output,steps,mae,rmse,max_abs,mean_signed
distillation_td3_full_no_safeguard,tail20,RL,SP1,x24 ethane,4000,0.0009514937775367292,0.002276366478573243,0.01363193250098908,0.0008370779259969385
distillation_td3_full_no_safeguard,tail20,RL,SP1,T85,4000,0.0395329764725909,0.10724042760568908,1.585403452353713,-0.0037169096963464696
distillation_td3_full_no_safeguard,tail20,RL,SP2,x24 ethane,4000,0.0012374516222271076,0.003232571818266499,0.013787602747847155,-0.0011829975453451673
distillation_td3_full_no_safeguard,tail20,RL,SP2,T85,4000,0.06562770209893129,0.18620749058313824,1.7420425806264568,0.014654483080962231
distillation_td3_full_no_safeguard,final_episode,RL,SP1,x24 ethane,200,0.0007595890743557436,0.0019532555461171785,0.01182049462523049,0.0007593840852952443
distillation_td3_full_no_safeguard,final_episode,RL,SP1,T85,200,0.020301310241118083,0.10108325944336982,1.1926791428238772,0.005754325456933547
distillation_td3_full_no_safeguard,final_episode,RL,SP2,x24 ethane,200,0.0010158299318486135,0.0028611450747298224,0.013167605776386319,-0.0009812633155515088
distillation_td3_full_no_safeguard,final_episode,RL,SP2,T85,200,0.055998613234878133,0.18778866937261615,1.6368048004338327,0.020368003302374954
distillation_td3_full_no_safeguard,tail20,MPC,SP1,x24 ethane,4000,0.0015079384506708942,0.0023168360293044825,0.012884453041473239,0.0015079384506708942
distillation_td3_full_no_safeguard,tail20,MPC,SP1,T85,4000,0.1716713141597722,0.25148646255550494,1.403251751425639,-0.14960612870984125
distillation_td3_full_no_safeguard,tail20,MPC,SP2,x24 ethane,4000,0.0015823068879794763,0.003684335574647075,0.015357019699362534,-0.0014929078513742317
distillation_td3_full_no_safeguard,tail20,MPC,SP2,T85,4000,0.21249873689379553,0.6184469763386861,3.8472555577296035,0.14942372081205674
distillation_td3_full_no_safeguard,final_episode,MPC,SP1,x24 ethane,200,0.0015090558488743112,0.002183159811805999,0.012879801079145568,0.0015090558488743112
distillation_td3_full_no_safeguard,final_episode,MPC,SP1,T85,200,0.16264005098398138,0.225815026921892,1.403251751425639,-0.13811989857127047
distillation_td3_full_no_safeguard,final_episode,MPC,SP2,x24 ethane,200,0.0015083103663038428,0.0034502775829330238,0.014181027753600937,-0.0013371282731225048
distillation_td3_full_no_safeguard,final_episode,MPC,SP2,T85,200,0.1958138131378851,0.5697554108823827,3.4393482256384367,0.13589992468777953
polymer_sg_td3_markov,tail20,RL,SP1,eta,8000,0.04301012301605918,0.16750062034390759,1.0998190662277678,-0.021087378844863457
polymer_sg_td3_markov,tail20,RL,SP1,T,8000,0.1058260871651067,0.41548759574911465,2.9634793614534374,-0.06058586007138527
polymer_sg_td3_markov,tail20,RL,SP2,eta,8000,0.06260165820530135,0.19433081980743294,1.0991571216171168,0.02358727433975858
polymer_sg_td3_markov,tail20,RL,SP2,T,8000,0.15205793103439286,0.4758496599509125,2.978688358287286,0.06397594617099366
polymer_sg_td3_markov,final_episode,RL,SP1,eta,400,0.04546381292697052,0.16774802636338823,1.0998190662277678,-0.018001447655420402
polymer_sg_td3_markov,final_episode,RL,SP1,T,400,0.10541025936469893,0.4142429024204992,2.956431609282106,-0.07251017035040079
polymer_sg_td3_markov,final_episode,RL,SP2,eta,400,0.06460141219815113,0.1947953040584671,1.0991534260277542,0.02038987344348391
polymer_sg_td3_markov,final_episode,RL,SP2,T,400,0.15874687218490308,0.4743927500362159,2.9737622243848136,0.07743781800403625
polymer_sg_td3_markov,tail20,MPC,SP1,eta,8000,0.060146831651981855,0.18292539281918496,1.0985925018229765,-0.060146831651981855
polymer_sg_td3_markov,tail20,MPC,SP1,T,8000,0.25876769189871884,0.5449246082689744,2.966917594183485,0.1118602126316583
polymer_sg_td3_markov,tail20,MPC,SP2,eta,8000,0.06911565310138985,0.20008494662603488,1.0985438188097398,0.059969793596271644
polymer_sg_td3_markov,tail20,MPC,SP2,T,8000,0.27198530901813034,0.5897609469687014,2.977751909096696,-0.11095245162648158
polymer_sg_td3_markov,final_episode,MPC,SP1,eta,400,0.06015893256057328,0.18293208656470805,1.0985922366937007,-0.06015893256057328
polymer_sg_td3_markov,final_episode,MPC,SP1,T,400,0.25881746588019894,0.5449750312770452,2.9669132549731785,0.11190808502112021
polymer_sg_td3_markov,final_episode,MPC,SP2,eta,400,0.06910660829747768,0.20008008991518714,1.098542992183583,0.05995748501013064
polymer_sg_td3_markov,final_episode,MPC,SP2,T,400,0.2719403557695304,0.5897359562889003,2.9777403028400045,-0.110914703251984
