episode,reward,requested_residual_norm_mean,executed_residual_norm_mean,executed_residual_norm_q95,policy_executed_gap_norm_mean,sg_advantage_mean,sg_score_policy_mean,sg_score_supervisor_mean,source_warm_start_frac,source_supervisor_frac,source_policy_frac,source_held_frac,source_fallback_frac
1,-2.4754631157459563,0.0,4.1575425428951216e-08,7.335069763773499e-08,0.005259416524099328,,,,1.0,0.0,0.0,0.0,0.0
2,7.874010893845125,0.0,4.5426041217296955e-08,7.054183235827558e-08,0.004236746965338422,,,,1.0,0.0,0.0,0.0,0.0
3,7.9846924066013365,0.0,4.450145305116117e-08,7.218548701553869e-08,0.004251009711749991,,,,1.0,0.0,0.0,0.0,0.0
4,8.105861238562058,0.0,4.5478913306262254e-08,7.103469220442204e-08,0.0042633817013037,,,,1.0,0.0,0.0,0.0,0.0
5,8.225751087395833,0.0,4.3751315469364915e-08,7.074607069338237e-08,0.0042763641208266555,,,,1.0,0.0,0.0,0.0,0.0
6,8.349040538526186,0.0,4.572197140454036e-08,7.009567633334493e-08,0.0042890867195185195,,,,1.0,0.0,0.0,0.0,0.0
7,8.48203890090931,0.0,4.53443096444732e-08,7.15257801722579e-08,0.004295183266168448,,,,1.0,0.0,0.0,0.0,0.0
8,8.646030864361617,0.0,4.38340421862018e-08,6.982563839577751e-08,0.004295522650368516,,,,1.0,0.0,0.0,0.0,0.0
9,8.806049896434699,0.0,4.564725926942468e-08,7.128635372773806e-08,0.0043023836201369365,,,,1.0,0.0,0.0,0.0,0.0
10,8.921949093624567,0.0,4.531663782526677e-08,6.974460099123588e-08,0.004315658903996612,,,,1.0,0.0,0.0,0.0,0.0
11,9.070040135753617,0.0,4.5355608225526314e-08,7.258979267043047e-08,0.004327443855272364,,,,0.0025,0.9975,0.0,0.0,0.0
12,9.243794819209684,0.0,4.527707795280428e-08,7.229815472602489e-08,0.004335759938101091,,,,0.0,1.0,0.0,0.0,0.0
13,9.454507113939478,0.0,4.471047111401028e-08,6.967404237118946e-08,0.004332197043218965,,,,0.0,1.0,0.0,0.0,0.0
14,9.618354317034314,0.0,4.585409372920014e-08,7.127006924826786e-08,1.4103137312886929,-242.7015645261094,-216.22554160738449,26.476022918724908,0.0,1.0,0.0,0.0,0.0
15,12.722977167167041,0.00021213203435596428,0.0002121783123463011,7.05670775620823e-08,1.3991770786589937,-292.9559934359528,-266.3462660031036,26.609727432849205,0.0,0.9925,0.0075,0.0,0.0
16,-2.909707000285782,0.002121320343559643,0.0021213611327121806,0.02828426942988289,1.3051566781767878,-230.83153055086885,-308.87623150568834,-78.0447009548195,0.0,0.925,0.075,0.0,0.0
17,7.3929425880362745,0.00035355339059327376,0.00035359875069613535,7.112639869120977e-08,1.393908468632302,-286.3241363439847,-250.80447351129996,35.51966283268478,0.0,0.9875,0.0125,0.0,0.0
18,7.510092334992388,0.0004949747468305833,0.0004950200086971216,7.237231867911451e-08,1.3891190037603744,-302.2507225679082,-254.1907969725394,48.05992559536879,0.0,0.9825,0.0175,0.0,0.0
19,12.790438544793671,0.00035355339059327376,0.00035359878300308343,7.327218981828529e-08,1.3917238657618813,-311.47175786312823,-237.1733827828621,74.29837508026608,0.0,0.9875,0.0125,0.0,0.0
20,13.111361339736252,0.0002828342688577697,0.00028287832500081714,7.02158862623198e-08,1.3973195702821146,-309.1278447143847,-218.06343440382798,91.06441031055674,0.0,0.99,0.01,0.0,0.0
21,8.710879042464745,0.00026605206522018805,0.0002660976408406787,7.470393246587762e-08,1.3973414494012308,-338.7981249404236,-248.81982501368657,89.97829992673705,0.0,0.99,0.01,0.0,0.0
22,11.67416832927338,0.00042426406871192855,0.00042430920002537446,7.318432125057957e-08,1.3791107449854787,-358.98402949570465,-259.3693302484011,99.61469924730358,0.0,0.985,0.015,0.0,0.0
23,9.975097068453609,7.071067811865475e-05,7.075566627872464e-05,7.177670360305965e-08,1.4078140430623074,-370.43067479934945,-245.21836850875582,125.2123062905937,0.0,0.9975,0.0025,0.0,0.0
24,12.674679508591565,0.000282842712474619,0.000282888346122483,7.295146779855007e-08,1.3939818680031522,-391.90151069474524,-259.83739026220303,132.0641204325422,0.0,0.99,0.01,0.0,0.0
25,12.641420371948605,0.00028284269772322354,0.00028288639885572464,7.29102177065955e-08,1.397169295907762,-370.2077855547385,-227.76668120967915,142.4411043450594,0.0,0.99,0.01,0.0,0.0
26,9.98247635356499,0.000847909258709866,0.0008479538943051191,7.557119185024836e-08,1.3669087814764986,-365.50832311038926,-254.9984529003485,110.50987021004072,0.0,0.97,0.03,0.0,0.0
27,13.21250124981043,0.0003517305737828745,0.0003517762973809945,7.199668276084596e-08,1.385743816350703,-392.5566856605411,-235.0425815244861,157.51410413605504,0.0,0.9875,0.0125,0.0,0.0
28,11.449428395343473,0.000565685424949238,0.0005657293945690404,7.440773423514692e-08,1.3728939378465637,-386.63094730825645,-237.2543580632344,149.37658924502205,0.0,0.98,0.02,0.0,0.0
29,11.00194646382571,0.00044840806326104974,0.0004484543101333317,7.403125687525013e-08,1.3696608404186055,-414.179945728692,-218.95740741994064,195.22253830875147,0.0,0.9825,0.0175,0.0,0.0
30,10.854520679697792,0.0007070047332224333,0.000707048005471905,7.485448504096355e-08,1.3661421513463596,-375.21855602214447,-208.64172681425887,166.57682920788565,0.0,0.975,0.025,0.0,0.0
31,14.006712298239837,0.00035355339059327376,0.00035359812943571047,7.180643555277944e-08,1.380215693495635,-402.5814301310152,-200.89828070099958,201.68314943001565,0.0,0.9875,0.0125,0.0,0.0
32,11.486464288588563,0.000282842712474619,0.00028288741000549354,7.255067028786623e-08,1.3775309684309687,-409.90118174979716,-199.1867197864141,210.7144619633831,0.0,0.99,0.01,0.0,0.0
33,12.569390846712947,0.00021213203435596428,0.000212176096084334,7.224726636250583e-08,1.3873172799837499,-407.805937280216,-168.58571092965533,239.22022635056078,0.0,0.9925,0.0075,0.0,0.0
34,7.120037405495715,0.0011290034964901558,0.0011290465163803698,7.927265523384875e-08,1.3336546684479673,-365.3162006206809,-180.76976961502587,184.5464310056551,0.0,0.96,0.04,0.0,0.0
35,10.919695060004072,0.0004949740198000822,0.0004950198223970882,7.365883621811677e-08,1.3496689388989478,-383.2821299354041,-124.52298486322117,258.75914507218295,0.0,0.9825,0.0175,0.0,0.0
36,10.4269179605282,0.0004231131704229936,0.0004231585628932212,7.098018839683131e-08,1.3750276486350717,-440.52490502542526,-128.70209092648798,311.8228140989372,0.0,0.985,0.015,0.0,0.0
37,7.81470714177055,0.0002825269662843225,0.00028257169663144173,7.267146384984356e-08,1.359255067244838,-419.4525113011756,-110.48023839619742,308.9722729049783,0.0,0.99,0.01,0.0,0.0
38,5.124847693295167,0.001115443873403542,0.0011154885016255666,7.809497542290219e-08,1.325174996420766,-342.3204854187936,-72.0532200864654,270.2672653323282,0.0,0.96,0.04,0.0,0.0
39,11.811812545020059,0.00021213017781133116,0.0002121751799657331,7.207731849022782e-08,1.359944713461615,-430.15894852211227,-68.37012274439094,361.78882577772134,0.0,0.9925,0.0075,0.0,0.0
40,5.987106242872147,0.0004949747468305833,0.00049501959208699,7.33539247541996e-08,1.3373822897901295,-405.30434381455757,-54.44150589139147,350.8628379231661,0.0,0.9825,0.0175,0.0,0.0
41,5.941620475390062,0.00028618211146281457,0.0002862267869295992,7.070700804582668e-08,1.3530189227471232,-415.5690483895029,-34.60481380285919,380.9642345866437,0.0,0.9875,0.0125,0.0,0.0
42,9.60049808347596,0.00042426173592234606,0.00042430763562865416,7.355684159265778e-08,1.3497082330500279,-413.61858556137713,-16.29135027451861,397.3272352868586,0.0,0.985,0.015,0.0,0.0
43,7.009150387800537,0.0003502095563000654,0.0003502542272535307,7.436821715498821e-08,1.3311528976608287,-459.2625251997665,-43.2058391865041,416.05668601326244,0.0,0.9875,0.0125,0.0,0.0
44,5.396352017169622,0.0006342084128040712,0.0006342498770767297,7.386540337910024e-08,1.3332347471356332,-439.79371970393316,-3.553898577396794,436.2398211265364,0.0,0.9775,0.0225,0.0,0.0
45,8.982083369848347,0.00041884366772509973,0.00041888556421799126,7.156494085374718e-08,1.3239729345906721,-443.7186475387773,12.975746655034909,456.6943941938122,0.0,0.985,0.015,0.0,0.0
46,6.397170187097175,0.0004242635144830426,0.00042430549700504436,7.191586107834963e-08,1.3312235004477586,-437.00313802075135,39.32042598951703,476.32356401026846,0.0,0.985,0.015,0.0,0.0
47,9.993014663065827,0.0006347253244392448,0.0006347668192176949,7.374364214584204e-08,1.319202608653456,-422.7947250589647,67.92616729905913,490.72089235802383,0.0,0.9775,0.0225,0.0,0.0
48,9.28291702239433,0.0006736422770963162,0.0006736819884360351,7.318023567475747e-08,1.3219772412710074,-419.14338975460936,89.24906280624758,508.3924525608569,0.0,0.975,0.025,0.0,0.0
49,9.170716594142782,0.000873304717745204,0.0008733447555378939,7.461227827328606e-08,1.2803077393013365,-424.743266298019,66.52855264389676,491.2718189419158,0.0,0.9675,0.0325,0.0,0.0
50,11.704352700548807,0.0003530111155982102,0.00035305118585256587,6.621340833592516e-08,1.277553294079336,-453.10463949281734,86.4988338234905,539.6034733163078,0.0,0.9875,0.0125,0.0,0.0
51,9.089093400768299,0.0007974674878654267,0.0007975083653303755,7.501928344333204e-08,1.277818060508987,-403.6314495197327,94.01195317200927,497.6434026917419,0.0,0.9675,0.0325,0.0,0.0
52,10.303308025324295,0.0007691816494776154,0.0007692222849133422,7.65798244278448e-08,1.2739351954185179,-426.14469532109115,74.39592187525672,500.5406171963479,0.0,0.9725,0.0275,0.0,0.0
53,7.6448786589947675,0.0008444740968094958,0.0008445151908507764,7.35445600310155e-08,1.231298470246089,-394.36141754936193,112.3397143222854,506.7011318716473,0.0,0.9675,0.0325,0.0,0.0
54,11.304164124248286,0.0004944615125195072,0.0004945018555026659,6.809205458508802e-08,1.2266946623947204,-422.28499557959003,83.47436098794476,505.75935656753484,0.0,0.9825,0.0175,0.0,0.0
55,5.856060619291361,0.00048373025068567847,0.00048377055432307194,6.909973624537459e-08,1.2628787204565701,-440.9618214327638,67.33634319213667,508.2981646249006,0.0,0.9825,0.0175,0.0,0.0
56,9.837147872177468,0.00042146422064596664,0.00042150631758466255,7.037299802769465e-08,1.2339597535698208,-412.46389528719897,90.51077678917385,502.9746720763729,0.0,0.985,0.015,0.0,0.0
57,8.310519130317466,0.0010446462837092182,0.0010446893207873842,7.831322199430109e-08,1.2030824620792102,-367.2133644293361,121.62111619785927,488.8344806271953,0.0,0.9625,0.0375,0.0,0.0
58,7.445863498180587,0.0010737048713837525,0.0010737477376236105,7.841619617145998e-08,1.1746745700520704,-348.0641523839024,118.90141328229332,466.9655656661957,0.0,0.96,0.04,0.0,0.0
59,8.323839835403579,0.0007029067177620777,0.0007029534148020715,7.480130355787081e-08,1.2294683108694155,-408.21977565164156,78.62810455999464,486.84788021163615,0.0,0.975,0.025,0.0,0.0
60,9.082721653527212,0.000806947781100239,0.0008069911967147497,7.407991880864456e-08,1.1357802143600242,-374.689320729917,126.9514564296714,501.6407771595883,0.0,0.97,0.03,0.0,0.0
61,9.16731067217457,0.0007873683603449458,0.0007874138072975842,7.455871384879309e-08,1.1392060467865326,-344.2818977611537,125.18817660421345,469.4700743653671,0.0,0.97,0.03,0.0,0.0
62,9.610866524831799,0.0005225797332640736,0.0005226235335290957,7.149379972244564e-08,1.1015880820615849,-342.20298585425815,175.15202558848839,517.3550114427467,0.0,0.98,0.02,0.0,0.0
63,8.805018789944874,0.0012972404544246182,0.0012972862490059128,8.241854338096355e-08,1.0827245859856733,-298.0478693405281,138.71405872966417,436.7619280701923,0.0,0.9525,0.0475,0.0,0.0
64,8.154298805549466,0.0008420135322140431,0.0008420572953711782,7.629490661467615e-08,1.099789912471498,-292.72666100443087,180.89969120812813,473.62635221255897,0.0,0.97,0.03,0.0,0.0
65,9.506491755624872,0.0012024903754257142,0.0012025353301512876,7.874362083566078e-08,1.0231305304456484,-263.71376411549835,171.4604436591167,435.174207774615,0.0,0.955,0.045,0.0,0.0
66,11.410129445472302,0.000452470236351932,0.00045251517621117517,7.466821410362972e-08,1.0104517036423974,-297.1368270532254,207.63333416325386,504.77016121647915,0.0,0.9825,0.0175,0.0,0.0
67,4.708239976373535,0.0013197987720924142,0.0013198428549704997,0.00012265934980900566,1.0284057149114487,-247.97073010399632,204.0482767281112,452.0190068321075,0.0,0.95,0.05,0.0,0.0
68,9.061627784265704,0.0008414465952794985,0.0008414904643690875,7.593389779712654e-08,0.9558446846932799,-256.5266561478447,245.87930188742445,502.4059580352691,0.0,0.9675,0.0325,0.0,0.0
69,7.930711810804476,0.0008968732447571379,0.0008969168983412665,7.594086279183898e-08,0.9604310053628495,-236.3982526597257,246.62847771060322,483.02673037032895,0.0,0.965,0.035,0.0,0.0
70,11.273013144767793,0.0009546326259056655,0.0009546776459224821,7.801699204128755e-08,0.960572752569329,-251.21923731649267,250.51719010920567,501.73642742569837,0.0,0.96,0.04,0.0,0.0
71,8.547883997659932,0.0012642656344621324,0.0012643082013658955,0.012040593122279484,0.9166160453502634,-195.21879921815446,288.5308477168603,483.7496469350149,0.0,0.945,0.055,0.0,0.0
72,12.348612503546544,0.0007088729360726622,0.0007089162580746145,7.672281551129457e-08,0.895824997143759,-267.7462014023093,289.606724843504,557.3529262458135,0.0,0.9675,0.0325,0.0,0.0
73,6.945135692334651,0.0014792138104427024,0.0014792547981653007,0.020138781274616085,0.8502413699385252,-177.68908982602792,297.8995953800365,475.5886852060645,0.0,0.94,0.06,0.0,0.0
74,4.778913896256885,0.0017472036668475558,0.0017472452890839665,0.023276628668560326,0.9287109913074049,-181.1417155902571,275.45877394530146,456.6004895355586,0.0,0.93,0.07,0.0,0.0
75,10.532803012860422,0.000960877327260351,0.0009609215248931196,8.036879128008089e-08,0.8308113936336854,-172.44447936359677,346.30906628259686,518.7535456461936,0.0,0.955,0.045,0.0,0.0
76,11.580060801021629,0.00033095832495431173,0.00033100367736410964,7.280834346923326e-08,0.8199170493529968,-189.09515724270346,394.0868643059877,583.1820215486913,0.0,0.9825,0.0175,0.0,0.0
77,11.685560587171908,0.0010904489320733045,0.001090491160933991,0.007210561373510343,0.820529003160021,-207.46209853766092,350.95312397808294,558.4152225157438,0.0,0.945,0.055,0.0,0.0
78,8.127467239568547,0.0013961624138675544,0.0013962054345466872,0.019839012935911206,0.8368715593147393,-196.40338935924873,346.85932859771617,543.2627179569648,0.0,0.94,0.06,0.0,0.0
79,10.798638421313472,0.0008616413664107471,0.0008616842904104562,4.545515363438508e-05,0.7513747480969678,-147.67055138166688,444.70418413810387,592.3747355197709,0.0,0.95,0.05,0.0,0.0
80,12.27829202942493,0.001135768771508593,0.00113581012762999,0.010980661703959688,0.6911095572203615,-124.10235357803475,478.0014725646888,602.1038261427235,0.0,0.935,0.065,0.0,0.0
81,10.439243583243087,0.0019469346996791813,0.0019469774013036972,0.018802072328045198,0.7276224949741771,-130.87379937481438,467.05632439527295,597.9301237700874,0.0,0.89,0.11,0.0,0.0
82,13.20676191421024,0.0017287006741523705,0.0017287413974607767,0.017876274947497335,0.6876193005187019,-120.60811440193397,526.32203824814,646.930152650074,0.0,0.905,0.095,0.0,0.0
83,11.123605800864828,0.0011037739136447388,0.001103818865791214,0.009795515372959439,0.7305887758308921,-138.19450628295925,544.0113279878616,682.2058342708209,0.0,0.935,0.065,0.0,0.0
84,13.990212441225946,0.0006363132598424908,0.0006363570528518575,7.673975031283808e-08,0.6703211380790448,-121.55076465161176,566.5385633769718,688.0893280285835,0.0,0.9625,0.0375,0.0,0.0
85,13.01118879553178,0.0009898892361004344,0.0009899311744031752,8.073933846314511e-08,0.6926363437866478,-120.65193824369221,564.1636859243191,684.8156241680114,0.0,0.9525,0.0475,0.0,0.0
86,10.88165566151804,0.0009239045297126419,0.0009239424846943993,0.004186053917173894,0.6569805602719451,-112.5667323664317,568.6172234090402,681.183955775472,0.0,0.94,0.06,0.0,0.0
87,9.79292354108967,0.0013533095521035064,0.0013533486121113083,0.01411169132908108,0.6365845373022812,-93.5591523504005,560.1654640073011,653.7246163577016,0.0,0.935,0.065,0.0,0.0
88,12.158389625409686,0.0011955829477559724,0.0011956222409384776,0.011204015710330984,0.5955199046743851,-90.28808683282205,591.3810375211996,681.6691243540215,0.0,0.9325,0.0675,0.0,0.0
89,9.859288012444749,0.0013956094339011033,0.001395648081676304,0.013864590453110788,0.5839013082434444,-85.66238254694699,578.1092760398445,663.7716585867915,0.0,0.92,0.08,0.0,0.0
90,11.807932278217606,0.0015049523748803218,0.0015049898700569813,0.012532248749657669,0.5670537796601399,-81.95586195760112,591.0001417740245,672.9560037316259,0.0,0.91,0.09,0.0,0.0
91,9.111981989542878,0.002042494943944703,0.0020425354549467967,0.018675974887458154,0.5534795963563857,-74.82981122067471,536.3137180712984,611.1435292919731,0.0,0.88,0.12,0.0,0.0
92,14.631430650904116,0.0021820506595588846,0.002182090842066263,0.01949871516907823,0.5225513840830793,-69.41933738614244,607.1367339581816,676.5560713443242,0.0,0.8775,0.1225,0.0,0.0
93,10.688324336501436,0.0018901305625710087,0.0018901714704707934,0.01753093988411859,0.49559848771903225,-61.1844424471374,595.1280165141105,656.312458961248,0.0,0.89,0.11,0.0,0.0
94,9.49880030181381,0.0019409329952468832,0.0019409733871276675,0.018608124377599167,0.45975906125017796,-40.35011560571538,602.6761702699708,643.0262858756863,0.0,0.8575,0.1425,0.0,0.0
95,11.845595088812807,0.0019471333269372717,0.0019471738280528123,0.01995118862871325,0.47159399757184844,-49.86828276679681,626.2713796006684,676.1396623674652,0.0,0.875,0.125,0.0,0.0
96,10.675219948437636,0.0029853357901440396,0.002985373960604875,0.021096414370342344,0.44024737366079153,-31.450360826728147,599.8271301549947,631.2774909817228,0.0,0.8425,0.1575,0.0,0.0
97,12.325834380851315,0.0026316400827480556,0.002631679262077877,0.021614401847884147,0.3860963787248995,-35.33970557771734,629.319991018006,664.6596965957235,0.0,0.8325,0.1675,0.0,0.0
98,15.638989334887421,0.0040074625697506675,0.004007496430185005,0.023394948777939233,0.34080252618363743,-34.11231280926805,647.6756156407179,681.7879284499859,0.0,0.785,0.215,0.0,0.0
99,14.226413106768497,0.0033996831722032167,0.0033997191672400823,0.022925215395395823,0.3755969489423031,-37.00636582856864,666.46392311522,703.4702889437889,0.0,0.8225,0.1775,0.0,0.0
100,15.195571823035989,0.0027370337937282756,0.002737071603452569,0.02101230828122658,0.43537048291026126,-38.69886124934442,689.1141013438097,727.8129625931542,0.0,0.855,0.145,0.0,0.0
101,17.804845589597118,0.0026294448673063325,0.0026294833617767984,0.021496212638392537,0.3698851114834526,-32.40142750149499,715.131463155339,747.532890656834,0.0,0.8425,0.1575,0.0,0.0
102,18.74199336099464,0.00294615981324286,0.002946197292012571,0.020063897533801937,0.2842346374600935,-25.36301929210952,739.3123721677389,764.6753914598486,0.0,0.8075,0.1925,0.0,0.0
103,18.02724988974477,0.0028458682423247806,0.00284590851263429,0.02127429067288178,0.33215728987765736,-30.495363268095506,718.4010225377133,748.8963858058088,0.0,0.8175,0.1825,0.0,0.0
104,22.818988414393925,0.0032109105452756337,0.003210945945279885,0.023736309167871426,0.23920955931680996,-26.5638832151855,787.6824862002996,814.2463694154851,0.0,0.81,0.19,0.0,0.0
105,21.719454614130292,0.0034027938588228972,0.003402830236900875,0.02211150696698015,0.26115090538279717,-30.960769800901506,755.210951342218,786.1717211431195,0.0,0.78,0.22,0.0,0.0
106,20.091002297391565,0.003133704830814718,0.0031337408684124,0.021671410940864146,0.27783596344619255,-24.009897295990815,767.9570544563993,791.9669517523901,0.0,0.8125,0.1875,0.0,0.0
107,20.689173387245184,0.0031105023669533126,0.003110539257362392,0.0235336090681911,0.2541584166618121,-25.10904795599103,761.0594044053988,786.1684523613899,0.0,0.7975,0.2025,0.0,0.0
108,21.580788273321563,0.0030765006665928437,0.0030765366047659786,0.02022302297722543,0.24088937159764331,-22.548243078653517,779.2994876506153,801.847730729269,0.0,0.7975,0.2025,0.0,0.0
109,20.673024926900062,0.0035839745048168387,0.003584009174169648,0.024296378346300128,0.2165237757705831,-13.564374223141922,794.4833823211782,808.0477565443201,0.0,0.77,0.23,0.0,0.0
110,22.03142719154519,0.0033198096981829194,0.003319844617498459,0.021531601893397402,0.2271916168600817,-14.680377315754377,838.1954373742452,852.8758146899996,0.0,0.7825,0.2175,0.0,0.0
111,24.826161027009302,0.003124057966833026,0.003124091286559119,0.021080494902890805,0.20804494873115384,-18.149673274068796,883.5989850049331,901.7486582790018,0.0,0.7925,0.2075,0.0,0.0
112,23.320628559456313,0.003111973282104846,0.0031120114593237254,0.023821888152528035,0.25218837509828534,-22.639684342928614,881.3734102901388,904.0130946330673,0.0,0.82,0.18,0.0,0.0
113,23.98126404620089,0.003612471841671875,0.0036125063914198468,0.023923657547448234,0.225479033839881,-21.47422187587826,905.1140040595438,926.588225935422,0.0,0.7775,0.2225,0.0,0.0
114,24.18681048740218,0.0034124829905965203,0.003412519336754665,0.02330694757112187,0.19939174121887945,-16.799032762252455,916.5377023445009,933.3367351067533,0.0,0.8,0.2,0.0,0.0
115,14.937046708060382,0.003655277097089148,0.0036553119777084564,0.0250826920556576,0.2934714727731337,-27.988768416647808,844.5153452014946,872.5041136181426,0.0,0.78,0.22,0.0,0.0
116,21.752073408498436,0.00376373767642065,0.0037637730363594022,0.02347971493464947,0.2117272134545437,-15.383658145446274,938.6930843695579,954.0767425150043,0.0,0.775,0.225,0.0,0.0
117,22.811013755620955,0.0034851766438129873,0.0034852111624535187,0.023818278831128158,0.20926600637911016,-20.137846219412868,963.1978838504089,983.3357300698219,0.0,0.79,0.21,0.0,0.0
118,23.985110009717477,0.0037001220596751703,0.003700157073926917,0.023739482239826415,0.18130475072023486,-14.212011462413908,962.5287763657013,976.7407878281155,0.0,0.78,0.22,0.0,0.0
119,24.097773928657144,0.0035956343458587066,0.003595670664667058,0.02498360175410677,0.1922525583533335,-17.129842381595314,981.5741823194365,998.704024701032,0.0,0.7875,0.2125,0.0,0.0
120,22.59448210040648,0.003811109427996306,0.003811141734534248,0.0233505070111582,0.2066033848996441,-14.215605591846488,1008.2792729457686,1022.4948785376153,0.0,0.7475,0.2525,0.0,0.0
121,21.985261229672076,0.003692019405993858,0.0036920523729212867,0.02583943064439437,0.20659783497756126,-15.737952508721285,992.9936972952048,1008.7316498039261,0.0,0.765,0.235,0.0,0.0
122,21.568889873099877,0.004014746349926253,0.0040147792921112185,0.02321931124606,0.18491427083511094,-11.447665620140683,995.9148744181838,1007.3625400383245,0.0,0.73,0.27,0.0,0.0
123,25.608813202853618,0.0040819930791204115,0.004082026803744993,0.02692781083792245,0.1720389079363863,-17.19694056304472,1045.24761547902,1062.4445560420647,0.0,0.775,0.225,0.0,0.0
124,21.061416071482977,0.0037491069051809743,0.0037491411304714094,0.026211674992619224,0.2033202996074225,-13.651374741167402,1041.0341777525941,1054.6855524937614,0.0,0.7725,0.2275,0.0,0.0
125,6.572164038107411,0.005569142218346345,0.00556916686180363,0.024206749248628513,0.1741770884817341,1.7178716419222042,763.6966196084503,761.9787479665279,0.0,0.5975,0.4025,0.0,0.0
126,11.1094174600419,0.005690163847459073,0.005690193095345921,0.026732558458453966,0.20501938201678127,-2.4669911708917796,960.7520010930614,963.2189922639532,0.0,0.61,0.39,0.0,0.0
127,25.035536478757784,0.003813130196174204,0.003813165827110485,0.024445951789045767,0.19763142345661686,-11.005136797991472,1132.3284830535808,1143.3336198515724,0.0,0.785,0.215,0.0,0.0
128,20.315848686421486,0.003984521657961351,0.003984555071310559,0.022583942516603707,0.13664387563134928,-2.7603132518859117,1153.9558340504784,1156.7161473023643,0.0,0.685,0.315,0.0,0.0
129,12.769352847416442,0.004488344001938295,0.004488371600593369,0.024724319566375684,0.1651775478044965,-1.200430668650327,1139.302738396844,1140.5031690654944,0.0,0.64,0.36,0.0,0.0
130,25.211422553507745,0.0035359925592065512,0.003536025289731435,0.024529492611617288,0.14470596403002717,-4.574600731804908,1190.7086169232969,1195.2832176551017,0.0,0.75,0.25,0.0,0.0
131,16.0756443241833,0.004323732118469564,0.004323762899457613,0.025974354155116355,0.17820908144819916,-2.3343526025290697,1188.2408467994533,1190.5751994019822,0.0,0.6625,0.3375,0.0,0.0
132,23.058683215725292,0.004051333523105177,0.004051359555353402,0.023447686181590138,0.14049803259665894,-2.029706539523911,1226.1632020078896,1228.1929085474133,0.0,0.64,0.36,0.0,0.0
133,20.714607259495374,0.004261333880822166,0.004261360230468029,0.025170668900399443,0.15456264389488156,0.9963217529354932,1249.4100151507112,1248.413693397776,0.0,0.635,0.365,0.0,0.0
134,20.442197542052057,0.004369438114379312,0.004369463194631949,0.02549128044176066,0.15155805261830232,0.24322031833082008,1236.1904339938544,1235.9472136755237,0.0,0.6375,0.3625,0.0,0.0
135,20.918135065837376,0.004745905691686603,0.004745931103929808,0.02297665248728701,0.1250381665761664,2.3130261742652567,1256.3738406406708,1254.0608144664054,0.0,0.605,0.395,0.0,0.0
136,23.038418904164047,0.004506485063410913,0.004506511224122169,0.02510610045609611,0.13027572361591108,2.653024188307508,1287.3617014094493,1284.708677221142,0.0,0.67,0.33,0.0,0.0
137,22.74981690700546,0.005151284782079217,0.005151307973106625,0.0262934938522334,0.09368631402679968,7.027652601980641,1286.0097234917425,1278.9820708897619,0.0,0.58,0.42,0.0,0.0
138,23.449404574535677,0.004107952349744494,0.004107979591281497,0.025301098309542195,0.11652208002590186,2.3948057378598593,1308.7571931723805,1306.3623874345205,0.0,0.69,0.31,0.0,0.0
139,25.23342566071118,0.004503407092371337,0.0045034338398613,0.023349595281705493,0.1007685456790326,4.759537961352068,1334.971747484125,1330.212209522773,0.0,0.62,0.38,0.0,0.0
140,24.457825585893634,0.004815376000138405,0.004815401318572158,0.024065207731257043,0.1016944204146537,3.0289982898220167,1331.1387223150427,1328.1097240252204,0.0,0.61,0.39,0.0,0.0
141,24.122592179565697,0.003983780426581354,0.003983809198383847,0.025277458699277933,0.1166215839479251,2.763972486432466,1347.6416821755993,1344.8777096891672,0.0,0.6825,0.3175,0.0,0.0
142,24.583392010121184,0.004333212816021328,0.004333244343886731,0.02494183628428053,0.12812737637335267,2.418238730696602,1365.2666471511852,1362.8484084204888,0.0,0.7075,0.2925,0.0,0.0
143,26.87840269503168,0.004466125698840826,0.0044661572138647845,0.024961502090269715,0.11350209342534885,2.121963326774785,1367.631493560932,1365.5095302341572,0.0,0.715,0.285,0.0,0.0
144,27.354451439626132,0.004365856274366102,0.00436588724976754,0.024649691265498482,0.10733453476728712,2.882020549473115,1408.7873236429657,1405.9053030934926,0.0,0.705,0.295,0.0,0.0
145,26.560593347101666,0.004711993797604302,0.004712023530679574,0.026425389701942414,0.09165484690843155,6.349872860838814,1407.2758914917588,1400.9260186309202,0.0,0.64,0.36,0.0,0.0
146,26.652766261753644,0.005051814754678325,0.005051842053634464,0.02612024746516122,0.08933978801326464,6.908219768813552,1420.4119801539296,1413.503760385116,0.0,0.6025,0.3975,0.0,0.0
147,27.235408741851543,0.004601898719164123,0.004601927466220679,0.025474818289347556,0.08041984889472953,7.916829758327635,1429.3760428196322,1421.4592130613046,0.0,0.6475,0.3525,0.0,0.0
148,28.79138309057995,0.004665849839195633,0.004665879133597781,0.026500421203281995,0.07974738422970223,6.630515029464657,1452.8251915600233,1446.1946765305586,0.0,0.6875,0.3125,0.0,0.0
149,28.615192862095842,0.004818436407321764,0.004818470868875367,0.02496825156271011,0.11025023372395104,3.976703915586955,1456.1113911124714,1452.1346871968847,0.0,0.7225,0.2775,0.0,0.0
150,28.21047672183835,0.00451839529364274,0.004518429498347323,0.025666666575517742,0.08574421866572632,4.513852046979497,1486.9642703545867,1482.4504183076074,0.0,0.71,0.29,0.0,0.0
151,28.32151126351857,0.004810010207101152,0.004810041848548896,0.026431540146375235,0.08814477483615325,3.5201017214707324,1470.6071274002745,1467.087025678804,0.0,0.68,0.32,0.0,0.0
152,28.708890087145665,0.0046077453094211214,0.004607776194173886,0.024595030449157756,0.07955601819323421,3.9166639169387762,1501.0391771156449,1497.1225131987062,0.0,0.6925,0.3075,0.0,0.0
153,26.84486024256349,0.0047424289011095905,0.004742458599797834,0.0262094427442285,0.1099128486640992,3.5344019551859476,1480.9013011371828,1477.3668991819968,0.0,0.675,0.325,0.0,0.0
154,24.96522208717646,0.004946932540863435,0.004946959386037969,0.025886667096108314,0.07493696260412637,8.907964578282098,1521.492076109332,1512.58411153105,0.0,0.5725,0.4275,0.0,0.0
155,26.83448028583856,0.004822714207986486,0.0048227391998079995,0.02532274920141219,0.07016229248925615,8.826253537739499,1539.1687389383262,1530.3424854005868,0.0,0.605,0.395,0.0,0.0
156,25.866971034629344,0.005267256657861128,0.005267280944438577,0.024082190173080095,0.06284509355389811,9.021757963127586,1530.0825223476013,1521.0607643844735,0.0,0.575,0.425,0.0,0.0
157,28.26856311109323,0.004794437278367884,0.004794466640096291,0.02383334384727764,0.08469148599847584,7.101786134539598,1538.9176552053825,1531.815869070843,0.0,0.6725,0.3275,0.0,0.0
158,27.064034996590177,0.004843019474468705,0.004843048906161104,0.025520193725206267,0.07934828299410217,7.206428597423647,1547.0374162267055,1539.8309876292815,0.0,0.635,0.365,0.0,0.0
159,28.248185223121627,0.004585499563911478,0.004585529136342848,0.02306172801477587,0.10555266517364384,6.589936777991674,1549.504087990367,1542.9141512123751,0.0,0.6925,0.3075,0.0,0.0
160,29.493399885536547,0.0046637199910438435,0.004663749042636055,0.024547528917685035,0.06450767949906165,6.053273850439513,1584.933235142623,1578.8799612921835,0.0,0.68,0.32,0.0,0.0
161,28.976822674435493,0.004964072882936566,0.004964100647977474,0.026834958626595486,0.061334296073701174,8.837009179511929,1604.563273735449,1595.7262645559372,0.0,0.6225,0.3775,0.0,0.0
162,30.292468407925117,0.004860283950378281,0.004860313341041589,0.025831372214495076,0.06776766898562481,7.1183282463333315,1602.9935356725557,1595.8752074262222,0.0,0.68,0.32,0.0,0.0
163,28.41598004409954,0.005139328002891987,0.005139360032842006,0.026192804569222683,0.08014643622223022,9.828466368142934,1618.380535566381,1608.552069198238,0.0,0.66,0.34,0.0,0.0
164,28.61484960970885,0.0046206801501317875,0.004620709669445951,0.022494602396945302,0.0721223354693683,8.241953194754686,1621.104807484208,1612.8628542894535,0.0,0.645,0.355,0.0,0.0
165,25.82165293368955,0.004933750906779439,0.00493377872650949,0.026728383742867606,0.10270970785577466,6.125105414741785,1627.3033200850366,1621.1782146702951,0.0,0.61,0.39,0.0,0.0
166,29.255224331889575,0.005225583462890046,0.005225608694342068,0.02731414163857746,0.052780230227704665,11.23763751806397,1665.7653094874756,1654.5276719694116,0.0,0.625,0.375,0.0,0.0
167,29.203713111075057,0.004993852993003433,0.004993881353644729,0.02625083722742284,0.07002319436583349,10.771999499224394,1666.1016650948397,1655.3296655956153,0.0,0.645,0.355,0.0,0.0
168,29.78631079872249,0.005073006957411605,0.005073036851401793,0.026874966381494673,0.0656181785969331,9.408301423492135,1680.0856675154655,1670.6773660919735,0.0,0.675,0.325,0.0,0.0
169,26.420822571594325,0.005172950865194542,0.00517297752952191,0.027108958152284895,0.045473259478315924,11.379945803474323,1677.2841036327277,1665.9041578292536,0.0,0.5425,0.4575,0.0,0.0
170,29.303981971774416,0.005055201437586238,0.005055229110243693,0.02775380621756165,0.05721380012460377,9.702027193592153,1700.770995719317,1691.0689685257246,0.0,0.62,0.38,0.0,0.0
171,29.125516199539575,0.005359020952921662,0.005359051232079648,0.026806615351988937,0.05665151719928962,11.036320181720239,1701.2741746440981,1690.2378544623782,0.0,0.6475,0.3525,0.0,0.0
172,29.88808892806724,0.005175013833094389,0.005175037909482097,0.02770500352351333,0.05386580872706242,9.109961418415397,1709.703442043594,1700.5934806251787,0.0,0.6075,0.3925,0.0,0.0
173,29.320852137822925,0.004776998906251165,0.0047770287167814215,0.026531036396050138,0.061757474222010715,11.539564872970663,1728.6057034766616,1717.066138603691,0.0,0.64,0.36,0.0,0.0
174,30.785651061118397,0.004731785586524009,0.004731813622609415,0.025551136048555686,0.06073589078757741,8.30597802061886,1739.7957580932987,1731.4897800726797,0.0,0.6425,0.3575,0.0,0.0
175,30.0651671359008,0.005093965463213317,0.005093991842067111,0.02658938066757358,0.05573672265464423,10.263763981941345,1746.0546427403779,1735.7908787584363,0.0,0.6075,0.3925,0.0,0.0
176,29.028042472572636,0.0047109703076433865,0.004710997286390845,0.025673958672203852,0.05720077800231131,9.893941813630486,1758.7272022751526,1748.833260461522,0.0,0.62,0.38,0.0,0.0
177,28.133430932514607,0.0050398641715640735,0.005039889976977257,0.02693792477374492,0.04944238863815114,10.921610812977967,1767.739056994276,1756.8174461812987,0.0,0.565,0.435,0.0,0.0
178,29.783897374696284,0.00496309814287129,0.004963124358043448,0.026285329601110675,0.05201499469744293,8.957983498598319,1780.383554750205,1771.4255712516062,0.0,0.5975,0.4025,0.0,0.0
179,30.88104623947289,0.0051680585311579975,0.00516808698924782,0.027147980610816934,0.05377934191725063,9.406996586684675,1796.6543233817224,1787.247326795038,0.0,0.6625,0.3375,0.0,0.0
180,30.938647457261986,0.004939632988316742,0.004939659734488646,0.02780015507639384,0.05208581103659665,8.711293573179372,1816.7543263983948,1808.0430328252155,0.0,0.6575,0.3425,0.0,0.0
181,28.38569245178253,0.00542019923543866,0.005420224052196248,0.027630124042312337,0.047281516115374185,11.002798750415675,1831.756708485534,1820.753909735119,0.0,0.5275,0.4725,0.0,0.0
182,29.27704528176181,0.00545776454604283,0.00545779115940151,0.02808733152416296,0.04983384137319634,11.333431868098657,1846.0029513143547,1834.6695194462561,0.0,0.64,0.36,0.0,0.0
183,29.970808695902864,0.0048460059497910865,0.004846033820892902,0.025598508009682525,0.0525143805314418,10.042563233218779,1863.0192015408625,1852.9766383076442,0.0,0.6475,0.3525,0.0,0.0
184,28.79883592133941,0.005652106496254921,0.005652132963617531,0.02788468211820481,0.04713268995965393,9.309419660767809,1854.2672225271426,1844.9578028663748,0.0,0.57,0.43,0.0,0.0
185,29.18884293203268,0.005147971832791504,0.005148000095955599,0.026325681778258322,0.05500786906463028,12.17906967984812,1879.7194035416946,1867.5403338618466,0.0,0.615,0.385,0.0,0.0
186,28.673031456654154,0.005507795420244647,0.005507822049083944,0.027425852491580777,0.05264230132715694,10.601589925195192,1882.661414507054,1872.0598245818587,0.0,0.5475,0.4525,0.0,0.0
187,29.844844582443315,0.0051648267510033645,0.0051648587536882555,0.026612869028099315,0.06392177839622913,10.186431920105187,1908.0719800278212,1897.885548107716,0.0,0.675,0.325,0.0,0.0
188,28.863960845889522,0.005654026869002972,0.005654052042318268,0.02761293885116605,0.04321320145892692,10.263542652922508,1906.7196402064612,1896.4560975535383,0.0,0.575,0.425,0.0,0.0
189,28.67803450597129,0.00554397981187715,0.005544003705921016,0.027496848802200814,0.06362804497154091,10.225181174055058,1921.2434265993088,1911.0182454252533,0.0,0.5825,0.4175,0.0,0.0
190,29.62717509711292,0.005341112892968216,0.005341137236755302,0.02754115468507907,0.05605595981003195,9.853798698291994,1933.7880782262168,1923.934279527925,0.0,0.5775,0.4225,0.0,0.0
191,28.009234381051943,0.005792391889742621,0.005792410093464441,0.028160675509635323,0.05280201348270328,11.024779501436694,1944.3512928473938,1933.326513345957,0.0,0.5,0.5,0.0,0.0
192,26.975756263605817,0.006010737236468966,0.006010755752945543,0.028151262081254635,0.060100521524590764,10.135395440474577,1948.601731342003,1938.4663359015287,0.0,0.46,0.54,0.0,0.0
193,29.75454476913722,0.0051275730748409675,0.0051275960511282335,0.02681755609875299,0.06091703587513335,9.634482018239373,1972.307733318201,1962.6732512999617,0.0,0.62,0.38,0.0,0.0
194,28.388464397798803,0.005411463090408179,0.005411483290265065,0.027949692606069557,0.055158803502120525,10.52731195431812,1983.2203386192116,1972.6930266648938,0.0,0.53,0.47,0.0,0.0
195,28.284358393381925,0.005224894760923857,0.005224915103896629,0.02637806356703892,0.04238080993239708,9.980695055817886,1996.8487925906475,1986.8680975348295,0.0,0.54,0.46,0.0,0.0
196,28.493128518302118,0.005276751477514989,0.005276777596594291,0.02788250128689119,0.043241081812332584,10.058168528214956,1982.1067575173865,1972.0485889891715,0.0,0.56,0.44,0.0,0.0
197,27.579820357650878,0.005741197876634177,0.005741221582403869,0.02817373961465205,0.05176328536295883,12.236409298360488,1993.5833249956381,1981.3469156972776,0.0,0.5325,0.4675,0.0,0.0
198,28.978758476791562,0.005018397652219284,0.005018426197778731,0.02727304356502395,0.042607800261188135,11.057149812108937,1999.18279648883,1988.1256466767213,0.0,0.6,0.4,0.0,0.0
199,29.44795278562804,0.005210361727735447,0.005210388497102626,0.02822777096972555,0.044235095063069954,9.154047350997125,1996.173251030095,1987.0192036790977,0.0,0.5475,0.4525,0.0,0.0
200,31.089803646260574,0.004926633664254646,0.004926664476333662,0.027693062741923805,0.021173870126631217,11.355808009989532,1993.5067431108089,1982.1509351008194,0.0,0.68,0.32,0.0,0.0
