key,label,window,episode_start,episode_end,reward_mean,reward_min,reward_min_episode,comp_mae,temp_mae,comp_rmse,temp_rmse,band_norm_mae,outside_band_frac,comp_max_abs,temp_max_abs,requested_residual_norm_mean,requested_residual_norm_q95,post_cap_residual_norm_mean,executed_residual_norm_mean,executed_residual_norm_q95,policy_executed_gap_norm_mean,cap_projection_frac,guard_active_frac,guard_trigger_frac,headroom_projection_frac,nonfinite_zero_fallback_frac,sg_warm_start_frac,sg_supervisor_frac,sg_policy_frac,sg_held_frac,sg_fallback_frac,sg_policy_score_mean,sg_supervisor_score_mean,sg_advantage_mean,sg_policy_q_gap_mean,sg_supervisor_q_gap_mean
baseline,OF-MPC,warm_1_10,1,10,7.291289684190319,-2.4766759695109113,1,0.001594037677705391,0.19292062296718404,0.003393570810027336,0.4474897422904949,0.5931331560108423,0.160625,0.07468235081868052,3.6222267594368383,,,,,,,,,,,,,,,,,,,,,
baseline,OF-MPC,critic_warm_11_13,11,13,9.25552082076915,9.069503086859902,11,0.0014344235041908444,0.17537359281733692,0.0028205058863652295,0.4219618060968582,0.5351789386623672,0.13666666666666666,0.0140961702807163,3.4305257855745523,,,,,,,,,,,,,,,,,,,,,
baseline,OF-MPC,sg_live_or_old_guard_14_30,14,30,10.426219922327352,9.617880579544542,14,0.0013784751604342472,0.1698185945948129,0.0027284988228100052,0.4052364944756567,0.5172332161623772,0.12566176470588236,0.013871728646754396,3.380220183261372,,,,,,,,,,,,,,,,,,,,,
baseline,OF-MPC,old_collapse_31_40,31,40,8.892962813441677,7.264850161607337,40,0.0014236590754434823,0.17706861744338404,0.0028378818933131105,0.4261635524124284,0.5368304561883085,0.136,0.014875164199669083,3.7052256529358125,,,,,,,,,,,,,,,,,,,,,
baseline,OF-MPC,recovery_41_80,41,80,6.759598139892775,5.109562485063978,50,0.0015412859851446387,0.1930965030133355,0.003090322294149606,0.4746046536460786,0.5853403750552312,0.16434375,0.015497828270133398,3.848867328826813,,,,,,,,,,,,,,,,,,,,,
baseline,OF-MPC,tail_181_200,181,200,6.390950484125978,4.488489332146679,195,0.0015451226693251852,0.19208502552678386,0.0030775036810126934,0.4720816155026293,0.5833291294008227,0.16325,0.015357019699362534,3.8472555577296035,,,,,,,,,,,,,,,,,,,,,
td3,TD3 residual,warm_1_10,1,10,7.291996180451477,-2.4754631157459563,1,0.0015940893520646111,0.1929182298663558,0.003393611193214133,0.4474735774809292,0.5931323655074955,0.160625,0.07468235084067222,3.622091648757298,0.028167372387593915,0.0282842712474619,0.0,4.465973688029432e-08,7.10334994304382e-08,0.2955530370248963,0.0,0.0,0.0,0.0,0.0,,,,,,,,,,
td3,TD3 residual,critic_warm_11_13,11,13,8.847071246903461,8.123832217607577,12,0.0014672670225646057,0.17255696449551147,0.0027646736724307314,0.4170083625395933,0.5346869798146646,0.13666666666666666,0.014054773361763846,3.41197574914311,0.02814984995639297,0.0282842712474619,0.005622320707556465,0.0005395177250958868,0.0021213474075992282,0.28499289819593104,0.0,0.9991666666666666,0.9658333333333333,0.0,0.0,,,,,,,,,,
td3,TD3 residual,sg_live_or_old_guard_14_30,14,30,8.993492141889066,6.2085863803134576,14,0.0015176875039112604,0.17142501910080568,0.002839226224799368,0.4030112168067549,0.5338850392198974,0.12286764705882353,0.015467047552662355,3.762012718763561,0.027720524422938413,0.0282842712474619,0.014962548282775847,0.00045094000780501487,0.002023755285208807,0.4590218631808552,0.9989705882352942,1.0,0.9920588235294118,0.0,0.0,,,,,,,,,,
td3,TD3 residual,old_collapse_31_40,31,40,-63.12662775322864,-89.3750462059742,39,0.004183482033528471,0.6164088472030841,0.005499542783545862,0.8937208189317641,1.795523850946204,0.4805,0.020670954382803742,7.025030221760732,0.02773905186126079,0.0282842712474619,0.024604106811075305,0.024598865071902558,0.028284228468443813,1.3728869189498787,0.89825,0.00025,0.00025,0.0,0.0,,,,,,,,,,
td3,TD3 residual,recovery_41_80,41,80,-24.491835392594254,-70.85735196186636,45,0.0033730035951493056,0.3234649496044063,0.0052236648303017365,0.5619082899746795,1.0243663261386182,0.31875,0.02198026316204832,7.035030886165295,0.025097748728536495,0.0282842712474619,0.025097748728536495,0.025074824897432613,0.028284291688683568,1.087689961041876,0.0,0.0,0.0,0.002875,0.0,,,,,,,,,,
td3,TD3 residual,tail_181_200,181,200,27.888185143193624,26.762396641648756,190,0.0010611260818015004,0.06982065164499598,0.0028344374185853218,0.20814160664154252,0.251736715103514,0.0921875,0.014569237136597428,1.7981161773715328,0.006543400728652891,0.027968395633958126,0.006543400728652891,0.006543400020126892,0.02796840628467388,0.11992170825367598,0.0,0.0,0.0,0.0,0.0,,,,,,,,,,
td7,TD7 residual,warm_1_10,1,10,7.291996180451477,-2.4754631157459563,1,0.0015940893520646111,0.1929182298663558,0.003393611193214133,0.4474735774809292,0.5931323655074955,0.160625,0.07468235084067222,3.622091648757298,0.014474728736019451,0.0282842712474619,0.0,4.465973688029432e-08,7.10334994304382e-08,0.6727142432540993,0.0,0.0,0.0,0.0,0.0,,,,,,,,,,
td7,TD7 residual,critic_warm_11_13,11,13,5.191310427463915,2.9625356549167305,12,0.0018160580652199854,0.1839114453222564,0.0031721145995815395,0.3940573478258326,0.5813326563816955,0.14708333333333334,0.014614570875202987,3.1810020155890975,0.014826953723267288,0.0282842712474619,0.002878605062864311,0.0007864154367944538,0.003427010893553412,0.6628618722374287,0.0,0.9991666666666666,0.8558333333333333,0.0,0.0,,,,,,,,,,
td7,TD7 residual,sg_live_or_old_guard_14_30,14,30,9.638411405318939,7.375274855096635,21,0.0017976837757637191,0.1627897186617162,0.003097338057378221,0.35038421511420914,0.5393838987826519,0.12477941176470589,0.014233312186650662,2.91933509913839,0.010835598034663396,0.025996185122272256,0.007230681847441666,0.0008521676252598288,0.0035971935773321073,0.4595832065708991,0.37441176470588233,1.0,0.9720588235294118,0.0,0.0,,,,,,,,,,
td7,TD7 residual,old_collapse_31_40,31,40,-17.602408442167132,-65.34416820058145,33,0.0061434781102626,0.2705380361537654,0.008616455676504967,0.4275880017807679,1.1461819650681173,0.4375,0.03724081592960393,2.3630010240184447,0.01519264300497202,0.0282842712474619,0.01376108179660262,0.013757149410609276,0.025358193322860677,0.1728358621623621,0.46025,0.00025,0.00025,0.0,0.0,,,,,,,,,,
td7,TD7 residual,recovery_41_80,41,80,23.034323734348128,17.22826661899724,48,0.001403232470336463,0.0765271368552062,0.0033651009572812623,0.2097126640280757,0.29696545638124305,0.11290625,0.014535867509862898,2.2121402719241914,0.0069775776235943675,0.022236644193388094,0.0069775776235943675,0.006977577314370856,0.022236628747635396,0.09225014299642613,0.0,0.0,0.0,0.0,0.0,,,,,,,,,,
td7,TD7 residual,tail_181_200,181,200,31.06896604425047,28.156026876980132,194,0.0012896125604388749,0.054087951182102245,0.0031735630530979456,0.18214496006609054,0.24112951707435326,0.1040625,0.014071303380379603,1.6215398314798044,0.005664232918578061,0.022192876461475164,0.005664232918578061,0.005664232910656184,0.022192871839464782,0.02790413752373354,0.0,0.0,0.0,0.0,0.0,,,,,,,,,,
sg_td3,SG-TD3 residual,warm_1_10,1,10,7.291996180451477,-2.4754631157459563,1,0.0015940893520646111,0.1929182298663558,0.003393611193214133,0.4474735774809292,0.5931323655074955,0.160625,0.07468235084067222,3.622091648757298,0.0,0.0,0.0,4.465973688029432e-08,7.10334994304382e-08,0.004378475418350713,0.0,0.0,0.0,0.0,0.0,1.0,0.0,0.0,0.0,0.0,,,,,
sg_td3,SG-TD3 residual,critic_warm_11_13,11,13,9.256114022967592,9.070040135753617,11,0.0014344705554232813,0.1753712963628245,0.002820547739587349,0.42194759326305725,0.5351778847056634,0.13666666666666666,0.014096135289247667,3.4303665021945307,0.0,0.0,0.0,4.5114385764113626e-08,7.158149011821539e-08,0.00433180027886414,0.0,0.0,0.0,0.0,0.0,0.0008333333333333334,0.9991666666666666,0.0,0.0,0.0,,,,,
sg_td3,SG-TD3 residual,sg_live_or_old_guard_14_30,14,30,10.141975103202851,-2.909707000285782,16,0.0017199051475624,0.16770004667699703,0.0032430439004135173,0.3458903373539563,0.5325968631300146,0.15191176470588236,0.015125698454955741,3.380062201646826,0.00047445990888026965,0.0,0.00047445990888026965,0.00047450472473722026,7.377292798028255e-08,1.383734430903518,0.0,0.0,0.0,0.0,0.0,0.0,0.9830882352941176,0.016911764705882352,0.0,0.0,-243.97974319150944,93.68599467617739,-337.66573786768686,102.66456886173414,4.3054574543646105
sg_td3,SG-TD3 residual,old_collapse_31_40,31,40,9.726769148252725,5.124847693295167,38,0.001762596147294921,0.1687343064665025,0.0033268101698898066,0.34979960304760904,0.5371630410964511,0.1555,0.0155312860076553,3.722817907086096,0.0005000694588466868,0.0,0.0005000694588466868,0.0005001141507505948,7.35927294586065e-08,1.3585172264809688,0.0,0.0,0.0,0.0,0.0,0.0,0.98225,0.01775,0.0,0.0,-130.80106439402493,269.8637429858929,-400.6648073799177,102.90965444348008,5.482342847935856
sg_td3,SG-TD3 residual,recovery_41_80,41,80,8.948163730253379,4.708239976373535,67,0.002101116296363252,0.17863252070531752,0.003899153426158553,0.3465277251389618,0.584117757536934,0.1998125,0.01612120029080829,3.7273584191163565,0.0008150991104873837,0.0,0.0008150991104873837,0.0008151420148306539,7.608583111646693e-08,1.1043773568085393,0.0,0.0,0.0,0.0,0.0,0.0,0.9670625,0.0329375,0.0,0.0,167.28862515814203,492.6882574021388,-325.39963224399673,92.54866666454147,6.795000678066863
sg_td3,SG-TD3 residual,tail_181_200,181,200,28.915504688024964,26.975756263605817,192,0.001141044690040342,0.07261132757930247,0.002957239955382161,0.2205570472617725,0.2696242154351578,0.097125,0.014036563766146736,1.7779789888048754,0.0053738096128079236,0.027789576501481183,0.0053738096128079236,0.0053738347260871835,0.02778958151616057,0.0502805949975654,0.0,0.0,0.0,0.0,0.0,0.0,0.576375,0.423625,0.0,0.0,1931.8566394418333,1921.3485357151897,10.508103726643833,7.18037122425437,7.211436694055796
