kind,run,path,stored_tail20_reward,current_reward_mean,current_tail20_reward,current_tail10_reward,current_final_reward,current_first20_min_reward,current_warm10_mean_reward,current_handoff10_mean_reward,current_early_live20_mean_reward,tail20_comp_mae,tail20_temp_mae,tail20_comp_rmse,tail20_temp_rmse,tail20_band_norm_mae,tail20_outside_band_frac,tail20_du_abs_mean,tail20_du_l2_mean,tail20_input_saturation_frac,tail20_reflux_min,tail20_reflux_max,tail20_reboiler_min,tail20_reboiler_max,label,tail20_weight_q1_mean,tail20_weight_q2_mean,tail20_weight_r1_mean,tail20_weight_r2_mean,tail20_weight_mean,tail20_weight_q05,tail20_weight_q95,tail20_policy_action_raw_log_mean_abs,tail20_policy_action_raw_log_sat98,tail20_policy_action_raw_log_mean,warm10_weight_q1_mean,warm10_weight_q2_mean,warm10_weight_r1_mean,warm10_weight_r2_mean,warm10_weight_mean,warm10_weight_q05,warm10_weight_q95,warm10_policy_action_raw_log_mean_abs,warm10_policy_action_raw_log_sat98,warm10_policy_action_raw_log_mean,handoff10_weight_q1_mean,handoff10_weight_q2_mean,handoff10_weight_r1_mean,handoff10_weight_r2_mean,handoff10_weight_mean,handoff10_weight_q05,handoff10_weight_q95,handoff10_policy_action_raw_log_mean_abs,handoff10_policy_action_raw_log_sat98,handoff10_policy_action_raw_log_mean,early_live20_weight_q1_mean,early_live20_weight_q2_mean,early_live20_weight_r1_mean,early_live20_weight_r2_mean,early_live20_weight_mean,early_live20_weight_q05,early_live20_weight_q95,early_live20_policy_action_raw_log_mean_abs,early_live20_policy_action_raw_log_sat98,early_live20_policy_action_raw_log_mean,low_coef,high_coef,identity_raw_action,tail20_release_gate_blocked_log_mean,tail20_release_gate_pass_log_mean,tail20_bc_active_log_mean,tail20_bc_weight_log_mean,tail20_bc_policy_nominal_distance_log_mean,tail20_td3_authority_ramp_projection_active_log_mean,tail20_td3_authority_ramp_cap_log_mean,tail20_bc_handoff_authority_log_mean,tail20_weight_boundary_frac,tail20_weight_requested_action_raw_log_mean_abs,tail20_weight_requested_action_raw_log_sat98,tail20_weight_requested_action_raw_log_mean,tail20_weight_post_handoff_action_raw_log_mean_abs,tail20_weight_post_handoff_action_raw_log_sat98,tail20_weight_post_handoff_action_raw_log_mean,tail20_weight_post_cap_action_raw_log_mean_abs,tail20_weight_post_cap_action_raw_log_sat98,tail20_weight_post_cap_action_raw_log_mean,tail20_weight_executed_action_raw_log_mean_abs,tail20_weight_executed_action_raw_log_sat98,tail20_weight_executed_action_raw_log_mean,warm10_weight_boundary_frac,warm10_weight_requested_action_raw_log_mean_abs,warm10_weight_requested_action_raw_log_sat98,warm10_weight_requested_action_raw_log_mean,warm10_weight_post_handoff_action_raw_log_mean_abs,warm10_weight_post_handoff_action_raw_log_sat98,warm10_weight_post_handoff_action_raw_log_mean,warm10_weight_post_cap_action_raw_log_mean_abs,warm10_weight_post_cap_action_raw_log_sat98,warm10_weight_post_cap_action_raw_log_mean,warm10_weight_executed_action_raw_log_mean_abs,warm10_weight_executed_action_raw_log_sat98,warm10_weight_executed_action_raw_log_mean,handoff10_weight_boundary_frac,handoff10_weight_requested_action_raw_log_mean_abs,handoff10_weight_requested_action_raw_log_sat98,handoff10_weight_requested_action_raw_log_mean,handoff10_weight_post_handoff_action_raw_log_mean_abs,handoff10_weight_post_handoff_action_raw_log_sat98,handoff10_weight_post_handoff_action_raw_log_mean,handoff10_weight_post_cap_action_raw_log_mean_abs,handoff10_weight_post_cap_action_raw_log_sat98,handoff10_weight_post_cap_action_raw_log_mean,handoff10_weight_executed_action_raw_log_mean_abs,handoff10_weight_executed_action_raw_log_sat98,handoff10_weight_executed_action_raw_log_mean,early_live20_weight_boundary_frac,early_live20_weight_requested_action_raw_log_mean_abs,early_live20_weight_requested_action_raw_log_sat98,early_live20_weight_requested_action_raw_log_mean,early_live20_weight_post_handoff_action_raw_log_mean_abs,early_live20_weight_post_handoff_action_raw_log_sat98,early_live20_weight_post_handoff_action_raw_log_mean,early_live20_weight_post_cap_action_raw_log_mean_abs,early_live20_weight_post_cap_action_raw_log_sat98,early_live20_weight_post_cap_action_raw_log_mean,early_live20_weight_executed_action_raw_log_mean_abs,early_live20_weight_executed_action_raw_log_sat98,early_live20_weight_executed_action_raw_log_mean,tail20_weight_cap_projection_active_log_mean,tail20_weight_fallback_reason_log_frac,tail20_weight_probation_active_log_mean,tail20_shadow_selected_minus_identity_objective,tail20_shadow_first_move_delta_norm_mean
td3,20260528_194904,Distillation\Results\distillation_weights_td3_disturb_fluctuation_mismatch_unified\20260528_194904\input_data.pkl,18.74175640552117,6.325324146334408,16.44254314116979,16.588829089759162,19.77336805153662,-25.5981648212023,4.695726135265987,-11.413506422880968,-5.32533361090618,0.0007064701165791058,0.16692924070483467,0.002149211906459419,0.38933133862285296,0.4357866777680064,0.1239375,80.50185240391785,160.93047131805133,0.0,353533.35291133093,393747.7188354988,124.3716840818169,138.25837142067147,TD3 20260528_194904,1.4073659496657525,1.4005774854460447,1.3811254723647288,1.2395341309347896,"[1.4073659496657525, 1.4005774854460447, 1.3811254723647288, 1.2395341309347896]","[0.7658118065446615, 0.751359423622489, 0.7500001862645149, 0.7500104382634163]","[1.9999975431710482, 1.9993028808385134, 1.9879156574606893, 1.8701430670917032]",0.5332958519510448,0.149,"[-0.013993306231725, 0.12004182487689104, 0.02581342269171364, -0.24964173420057342]",1.1441689829304815,1.070298529025982,1.140041245397355,1.163963397778338,"[1.1441689829304897, 1.0702985290259905, 1.1400412453973634, 1.163963397778342]","[0.75, 0.75, 0.75, 0.75]","[1.9, 1.8, 1.9, 1.9]",0.8655520044885252,0.816875,"[-0.7792342841010322, -0.9335068717321264, -0.8429202395627362, -0.7983838112026569]",1.306879881666755,0.880318220766494,1.2210142025693493,1.2764729651903326,"[1.306879881666755, 0.880318220766494, 1.2210142025693493, 1.2764729651903326]","[0.75, 0.75, 0.75, 0.75]","[2.0, 2.0, 2.0, 2.0]",0.8141894890256918,0.7354375,"[-0.608966323139568, -0.9999659058004617, -0.728413363682339, -0.6858977776948595]",1.2860304952166552,0.7700736716995016,1.0414706065259451,1.233499352566896,"[1.2860304952166552, 0.7700736716995016, 1.0414706065259451, 1.233499352566896]","[0.75, 0.75, 0.75, 0.75]","[2.0, 0.75, 2.0, 2.0]",0.7214532126502908,0.59146875,"[0.12319514340147725, -0.9999857295975089, -0.6868636510747238, -0.6225963164344721]","[0.75, 0.75, 0.75, 0.75]","[2.0, 2.0, 2.0, 2.0]","[-0.6, -0.6, -0.6, -0.6]",0.0,0.0,0.0,0.0,1.6510135753665809,0.0,,1.0,,,,,,,,,,,,,,,,,,,,,,,,,,,,,,,,,,,,,,,,,,,,,,,,,,,,,,,,,
td3,20260521_150600,Distillation\Results\distillation_weights_td3_disturb_fluctuation_mismatch_unified\20260521_150600\input_data.pkl,20.01611681024715,11.230985337718932,16.128100583355213,15.55736813459294,18.507249908878165,-9.223319059825338,7.291970217082309,3.9274930460548325,4.765094536240713,0.0006302263598940509,0.14923764215117358,0.0020671127294700463,0.424358217486307,0.3902277365342566,0.1030625,85.11718960295642,170.159409310355,0.0,353790.5145532808,392282.35845748155,124.30370669667263,138.3474539627527,TD3 20260521_150600,1.478045515617748,1.3936558882701775,0.8432197728584424,1.0944699177588815,"[1.478045515617748, 1.3936558882701775, 0.8432197728584424, 1.0944699177588815]","[0.7500005941838026, 0.8505129553377628, 0.75, 0.75]","[2.0, 1.9999995529651642, 1.2850471702404314, 1.7571490090340347]",0.606987767817256,0.34978125,"[0.23358941245557435, 0.017739987325501715, -0.8091821292099266, -0.4296035662050126]",1.0,1.0,1.0,1.0,"[1.0, 1.0, 1.0, 1.0]","[1.0, 1.0, 1.0, 1.0]","[1.0, 1.0, 1.0, 1.0]",0.5999999999999998,0.0,"[-0.5999999999999548, -0.5999999999999548, -0.5999999999999548, -0.5999999999999548]",1.1218582917158493,1.1375261779219146,1.1091573601951823,1.1483613936314359,"[1.1218582917158493, 1.1375261779219146, 1.1091573601951823, 1.1483613936314359]","[0.75, 0.75, 0.75, 0.75]","[2.0, 2.0, 2.0, 2.0]",0.43624915607778564,0.359625,"[-0.46994611380791174, -0.3942856959129771, -0.48802077735282945, -0.32033101440837924]",0.9247533746833505,1.188744439199072,0.8500484764346038,1.2791320384134997,"[0.9247533746833505, 1.188744439199072, 0.8500484764346038, 1.2791320384134997]","[0.75, 0.75, 0.75, 0.75]","[2.0, 2.0, 2.0, 2.0]",0.7601205646076896,0.57275,"[-0.8615949751664157, -0.6771048727067464, -0.9999675924032927, -0.29975504716454815]","[0.75, 0.75, 0.75, 0.75]","[2.0, 2.0, 2.0, 2.0]","[-0.6, -0.6, -0.6, -0.6]",,,,,,,,,,,,,,,,,,,,,,,,,,,,,,,,,,,,,,,,,,,,,,,,,,,,,,,,,,,,,,,,,
sac,20260518_142138,Distillation\Results\distillation_weights_sac_disturb_fluctuation_mismatch_unified\20260518_142138\input_data.pkl,15.884733825109413,7.918648821923129,9.980345759935537,9.075737948460382,8.92053122586962,-2.4757971343220584,7.291970217082309,9.886239700185795,9.445006276043902,0.0015702120859453386,0.17517618274847235,0.002918708386398762,0.4428115762255812,0.562372097701251,0.1656875,68.12353673937079,136.18245960360412,0.0,356965.6611781594,390206.75124714186,124.5406448951194,137.83935303441956,SAC 20260518_142138,1.0025577859949135,1.0504921806403718,1.0396488847241654,1.019602077900288,"[1.0025577859949135, 1.0504921806403718, 1.0396488847241654, 1.019602077900288]","[0.773027379065752, 0.8409112207591534, 0.7924772538244724, 0.818371806293726]","[1.4557948294095695, 1.43985537183471, 1.4400838648434726, 1.4256254953797902]",,,,1.0,1.0,1.0,1.0,"[1.0, 1.0, 1.0, 1.0]","[1.0, 1.0, 1.0, 1.0]","[1.0, 1.0, 1.0, 1.0]",,,,0.8251457597750786,0.9549789123325955,0.8528946819921257,0.877910231045149,"[0.8251457597750786, 0.9549789123325955, 0.8528946819921257, 0.877910231045149]","[0.7500210031867027, 0.7500682473182678, 0.75, 0.7500441689044237]","[1.3818491010169962, 1.7302271891385297, 1.9905663821846247, 1.520434761885553]",,,,0.9023879554165365,1.0734751562384781,0.9876024356324706,0.9547199537322308,"[0.9023879554165365, 1.0734751562384781, 0.9876024356324706, 0.9547199537322308]","[0.750000037252903, 0.7680072262883186, 0.7500061094760895, 0.7500697188079357]","[1.4454885306768115, 1.9044554773718114, 1.9998972862958908, 1.43714192812331]",,,,"[0.75, 0.75, 0.75, 0.75]","[2.0, 2.0, 2.0, 2.0]","[-0.6, -0.6, -0.6, -0.6]",,,,,,,,,,,,,,,,,,,,,,,,,,,,,,,,,,,,,,,,,,,,,,,,,,,,,,,,,,,,,,,,,
td3,20260530_220604,Distillation\Results\distillation_weights_td3_disturb_fluctuation_mismatch_unified\20260530_220604\input_data.pkl,9.79437693272322,1.444682892935179,9.79437693272322,9.598993451227148,13.856999950169602,-3.7873647023866623,7.291970217082309,6.918549609233369,-4.649341777486079,0.0026475084307651096,0.13063644122132304,0.0036933704693759887,0.37103391993833046,0.6164701718853143,0.1935625,58.41526995609412,116.7683824977385,0.0,352224.7466514263,383535.57870633143,124.13045792364005,136.0640650995297,TD3 20260530_220604,1.0122855943707036,1.7392954299159682,1.4140827230950817,1.5570342170769362,"[1.0122855943707036, 1.7392954299159682, 1.4140827230950817, 1.5570342170769362]","[0.5, 0.7341939926147462, 0.5600271672010423, 0.503205406665802]","[2.478019803762436, 2.486165082454681, 2.30269833505153, 2.4212947160005567]",0.485393318850598,0.2051875,"[-0.48601401843209535, 0.19889833807650212, -0.0908217952887353, 0.006403825917957875]",1.0,1.0,1.0,1.0,"[1.0, 1.0, 1.0, 1.0]","[1.0, 1.0, 1.0, 1.0]","[1.0, 1.0, 1.0, 1.0]",0.9385348441963761,0.9235,"[-0.9415476110242307, -0.932044883761344, -0.929251389226003, -0.9327997283108344]",0.9080215828520406,0.9310857475346724,0.9288957887388813,0.9195778225391157,"[0.9080215828520392, 0.9310857475346679, 0.9288957887388838, 0.9195778225391137]","[0.5, 0.5, 0.5, 0.5]","[1.486206896551724, 1.486206896551724, 1.486206896551724, 1.486206896551724]",0.9999999999590218,1.0,"[-0.9999999999701977, -0.9999999999552965, -0.9999999999552965, -0.9999999999552965]",0.728208521585515,0.9517794702767122,1.0130455746524358,1.1263995814232013,"[0.728208521585519, 0.9517794702767239, 1.0130455746524498, 1.1263995814232182]","[0.5, 0.5, 0.5, 0.5]","[1.9689655172413794, 2.3551724137931034, 2.3554930918381083, 2.403448275862069]",0.9044084623895833,0.83065625,"[-0.9987908588051796, -0.8053329396159971, -0.7536055040202045, -0.6063850885265565]","[0.5, 0.5, 0.5, 0.5]","[2.5, 2.5, 2.5, 2.5]","[-0.5, -0.5, -0.5, -0.5]",1.0,0.0,0.0,0.0,1.3456000682740354,0.0,1.5,1.0,0.50425,0.5333367286814773,0.205375,"[-0.48771440562929635, 0.23929542991596828, -0.08591727690491825, 0.05703421707693633]",0.5333367286814773,0.205375,"[-0.48771440562929635, 0.23929542991596828, -0.08591727690491825, 0.05703421707693633]",0.5333367286814773,0.205375,"[-0.48771440562929635, 0.23929542991596828, -0.08591727690491825, 0.05703421707693633]",0.5333367286814773,0.205375,"[-0.48771440562929635, 0.23929542991596828, -0.08591727690491825, 0.05703421707693633]",0.0,0.9973060177565786,0.9926875,"[-0.2513164953654632, -0.2319427689719014, -0.20681225345656276, -0.2856406435109675]",0.5,0.0,"[-0.5, -0.5, -0.5, -0.5]",0.5,0.0,"[-0.5, -0.5, -0.5, -0.5]",0.5,0.0,"[-0.5, -0.5, -0.5, -0.5]",0.09775,0.9957134408526472,0.985625,"[-0.36266914881113915, -0.29965558875072745, -0.3242942609670572, -0.33311900130589495]",0.6608386575746349,0.0985625,"[-0.4386083668479715, -0.3949709708167314, -0.3980523066156096, -0.417337075051248]",0.5804151094114086,0.0653125,"[-0.5919784171479674, -0.568914252465341, -0.5711042112611273, -0.5804221774608945]",0.5804151094114086,0.0653125,"[-0.5919784171479674, -0.568914252465341, -0.5711042112611273, -0.5804221774608945]",0.98675,0.9879447957269222,0.9559375,"[-0.6620006026828196, -0.4158514417016413, -0.3484504633403994, -0.22238094610629197]",0.9879447957269222,0.9559375,"[-0.6620006026828196, -0.4158514417016413, -0.3484504633403994, -0.22238094610629197]",0.8549739461691761,0.69390625,"[-0.7717914784144778, -0.5482205297232781, -0.4869544253475503, -0.373600418576778]",0.8549739461691761,0.69390625,"[-0.7717914784144778, -0.5482205297232781, -0.4869544253475503, -0.373600418576778]",0.0,0.0,0.0,0.0007475547684053893,0.004773813434619292
sac,20260507_214023,Distillation\Results\distillation_weights_sac_disturb_fluctuation_mismatch_unified\20260507_214023\input_data.pkl,20.578899289492874,7.918280593169227,6.768417622546634,5.720974978837608,7.785003155586095,-2.4759716315639526,7.29198445644725,7.559967421789989,7.674770453514654,0.0007235180694074257,0.18215053585270885,0.0020345621572142036,0.5537515211988254,0.4758188370046378,0.1084375,80.23064698574866,160.3893495141446,0.0,353641.6436843309,391358.51596469793,124.54380334239858,137.89014367281573,SAC 20260507_214023,1.1307039642103018,1.1439686185674305,0.9651543547476286,0.9785707298555849,"[1.1307039642103018, 1.1439686185674305, 0.9651543547476286, 0.9785707298555849]","[0.7794510908424854, 0.8110094852745533, 0.7724601812660694, 0.7669351063668728]","[1.6963203679770225, 1.6332179382443428, 1.2374711972661316, 1.381969447247684]",,,,1.0,1.0,1.0,1.0,"[1.0, 1.0, 1.0, 1.0]","[1.0, 1.0, 1.0, 1.0]","[1.0, 1.0, 1.0, 1.0]",,,,0.788240567195895,0.8392993753566188,0.9923411197364439,0.7909862776084774,"[0.788240567195895, 0.8392993753566188, 0.9923411197364439, 0.7909862776084774]","[0.7500092349946499, 0.750015614554286, 0.7504963967949152, 0.7500004079192877]","[0.9258981905877588, 1.4320853534154583, 1.5116070038639005, 0.9402397479861975]",,,,0.8450693538249471,0.9657595088739754,1.0701119265460033,0.8177218002820882,"[0.8450693538249471, 0.9657595088739754, 1.0701119265460033, 0.8177218002820882]","[0.7500171717256308, 0.7501142416149378, 0.7530781570822, 0.7500185538083315]","[0.9793392121791837, 1.358798263594508, 1.4853423428721726, 0.9402812644839287]",,,,"[0.75, 0.75, 0.75, 0.75]","[2.0, 2.0, 2.0, 2.0]","[-0.6, -0.6, -0.6, -0.6]",,,,,,,,,,,,,,,,,,,,,,,,,,,,,,,,,,,,,,,,,,,,,,,,,,,,,,,,,,,,,,,,,
td3,20260522_181031,Distillation\Results\distillation_weights_td3_disturb_fluctuation_mismatch_unified\20260522_181031\input_data.pkl,13.898386051525183,7.719934834262185,6.391818853849753,5.69837688053786,6.927133354717671,-2.4757971343220584,7.291970217082309,9.88147579879592,9.757170242728264,0.001545175919723665,0.19208129829741255,0.0030775564488459504,0.472062777805275,0.5833252826108166,0.16325,67.44731043228792,134.81924104891775,0.0,356976.331315255,390892.581357129,124.54810721495946,137.79647875733286,TD3 20260522_181031,1.0,1.0,1.0,1.0,"[1.0, 1.0, 1.0, 1.0]","[1.0, 1.0, 1.0, 1.0]","[1.0, 1.0, 1.0, 1.0]",1.0,1.0,"[-1.0, -1.0, -1.0, -1.0]",1.0,1.0,1.0,1.0,"[1.0, 1.0, 1.0, 1.0]","[1.0, 1.0, 1.0, 1.0]","[1.0, 1.0, 1.0, 1.0]",0.5999999999999998,0.0,"[-0.5999999999999548, -0.5999999999999548, -0.5999999999999548, -0.5999999999999548]",1.0,1.0,1.0,1.0,"[1.0, 1.0, 1.0, 1.0]","[1.0, 1.0, 1.0, 1.0]","[1.0, 1.0, 1.0, 1.0]",0.9999,0.99975,"[-0.9999, -0.9999, -0.9999, -0.9999]",1.0,1.0,1.0,1.0,"[1.0, 1.0, 1.0, 1.0]","[1.0, 1.0, 1.0, 1.0]","[1.0, 1.0, 1.0, 1.0]",1.0,1.0,"[-1.0, -1.0, -1.0, -1.0]","[0.75, 0.75, 0.75, 0.75]","[2.0, 2.0, 2.0, 2.0]","[-0.6, -0.6, -0.6, -0.6]",1.0,0.0,0.0,0.0,0.8000000000000002,,,,,,,,,,,,,,,,,,,,,,,,,,,,,,,,,,,,,,,,,,,,,,,,,,,,,,,,,,,,
baseline,OF-MPC,Distillation\Data\mpc_results_disturb_fluctuation.pickle,-0.30274535595606167,7.719186141258927,6.390950484125978,5.697425686787508,6.926159462874596,-2.476675969510907,7.29128968419032,9.880988321387425,9.756602303120747,0.0015451226693251852,0.19208502552678386,0.0030775036810126934,0.4720816155026293,0.5833291294008227,0.16325,67.44740353496678,134.81942513710825,0.0,356976.38679226197,390892.63347093697,124.54810522800814,137.79649601671824,OF-MPC,,,,,,,,,,,,,,,,,,,,,,,,,,,,,,,,,,,,,,,,,,,,,,,,,,,,,,,,,,,,,,,,,,,,,,,,,,,,,,,,,,,,,,,,,,,,,,,,,,,,,,,,,,,,
td3,20260601_155305,Distillation\Results\distillation_weights_td3_disturb_fluctuation_mismatch_unified\20260601_155305\input_data.pkl,6.374555037081867,5.854983603670475,6.374555037081866,5.67543861266101,6.923575470327389,-2.4757971343220584,7.291970217082309,8.896450763616727,3.3519776450635996,0.0015453894956528004,0.1921223054325807,0.0030778823358899618,0.47212279776047195,0.5834369133291814,0.16325,67.46064609993151,134.8459388295569,0.0,356976.64633931307,390892.8929051922,124.54807326779938,137.80152585697175,TD3 20260601_155305,0.75,0.75,0.7506328115751967,0.7500000029988587,"[0.75, 0.75, 0.7506328115751967, 0.7500000029988587]","[0.75, 0.75, 0.75, 0.75]","[0.75, 0.75, 0.75, 0.75]",1.0,1.0,"[-1.0, -1.0, -1.0, -1.0]",1.0,1.0,1.0,1.0,"[1.0, 1.0, 1.0, 1.0]","[1.0, 1.0, 1.0, 1.0]","[1.0, 1.0, 1.0, 1.0]",0.9387325872748316,0.922875,"[-0.9199334429146547, -0.9329711065354058, -0.938567261654207, -0.9209120304932294]",0.9920057992332691,0.9837068835137429,0.9926195646360484,1.0026788046273467,"[0.9920057992332741, 0.9837068835137429, 0.9926195646360514, 1.0026788046273531]","[0.75, 0.75, 0.75, 0.75]","[1.3482758620689657, 1.3482758620689657, 1.3482758620689657, 1.3482758620689657]",0.9999999996349216,1.0,"[-0.9999999994635582, -0.9999999999701977, -0.9999999994635582, -0.9999999996423722]",0.9972705501351473,1.001209489838463,0.9921588909764153,1.0216845298185744,"[0.9972705501351465, 1.0012094898384623, 0.9921588909764172, 1.0216845298185775]","[0.75, 0.75, 0.75, 0.75]","[1.8758620689655172, 1.8758620689655172, 1.8758620689655172, 1.8761680609809896]",0.9999999999515712,1.0,"[-0.9999999999850988, -0.9999999999850988, -0.9999999998435378, -0.9999999999925494]","[0.75, 0.75, 0.75, 0.75]","[2.0, 2.0, 2.0, 2.0]","[-0.6, -0.6, -0.6, -0.6]",1.0,0.0,0.0,0.0,0.8000000000000002,0.0,1.0,1.0,1.0,0.9999968741703779,0.99996875,"[-1.0, -1.0, -0.9989875014796853, -0.9999999952018261]",0.9999968741703779,0.99996875,"[-1.0, -1.0, -0.9989875014796853, -0.9999999952018261]",0.9999968741703779,0.99996875,"[-1.0, -1.0, -0.9989875014796853, -0.9999999952018261]",0.9999968741703779,0.99996875,"[-1.0, -1.0, -0.9989875014796853, -0.9999999952018261]",0.0,0.9978367900403682,0.993375,"[-0.22279803708568216, -0.2633569457884878, -0.23281282972637565, -0.1394639931693673]",0.5999999999999998,0.0,"[-0.5999999999999548, -0.5999999999999548, -0.5999999999999548, -0.5999999999999548]",0.5999999999999998,0.0,"[-0.5999999999999548, -0.5999999999999548, -0.5999999999999548, -0.5999999999999548]",0.5999999999999998,0.0,"[-0.5999999999999548, -0.5999999999999548, -0.5999999999999548, -0.5999999999999548]",0.09925,0.994696854986134,0.98275,"[-0.30103909404668955, -0.3477081311191432, -0.3058037293665111, -0.2627893274854869]",0.687398849612244,0.0981875,"[-0.4465586842266019, -0.47100399798114084, -0.44542059029006287, -0.4135818809405058]",0.6120524757475612,0.0653125,"[-0.6127907212267891, -0.6260689863780329, -0.6118086965823426, -0.5957139125962658]",0.6120524757475612,0.0653125,"[-0.6127907212267891, -0.6260689863780329, -0.6118086965823426, -0.5957139125962658]",0.99125,0.9912090042303953,0.973,"[-0.47915856417368197, -0.4662238323937636, -0.48894641724377286, -0.4240885971719399]",0.9912090042303953,0.973,"[-0.47915856417368197, -0.4662238323937636, -0.48894641724377286, -0.4240885971719399]",0.8607427412836248,0.727875,"[-0.6043671197837667, -0.5980648162584576, -0.6125457744377393, -0.5653047522902862]",0.8607427412836248,0.727875,"[-0.6043671197837667, -0.5980648162584576, -0.6125457744377393, -0.5653047522902862]",0.0,0.0,0.0,-0.0006030934779402853,3.216834941939166e-06
td3,20260529_211201,Distillation\Results\distillation_weights_td3_disturb_fluctuation_mismatch_unified\20260529_211201\input_data.pkl,12.222271233784443,1.8999991156345366,3.213949180646668,4.626169831900862,8.112750688932309,-7.629616259694086,7.291970217082309,5.044536401531817,-7.396683908770737,0.0014087292355055394,0.23380136795656944,0.0025817639185880194,0.4677950878388497,0.6725468919254876,0.1985,88.09015846308455,176.09771956098237,0.0,349214.6313483441,392032.30918659625,123.1486048673146,138.65401968797832,TD3 20260529_211201,1.6136077049910404,1.175814264954201,1.5597124610968953,1.339307017781191,"[1.6136077049910968, 1.1758142649542118, 1.5597124610969664, 1.3393070177812056]","[0.5506474137306213, 0.5000000596046448, 0.5, 0.5]","[2.5, 2.498513934016228, 2.5, 2.5]",0.6709828941410351,0.3270625,"[0.23850934605765362, -0.20893587708474662, 0.3010982151537428, 0.05543236096446344]",1.0,1.0,1.0,1.0,"[1.0, 1.0, 1.0, 1.0]","[1.0, 1.0, 1.0, 1.0]","[1.0, 1.0, 1.0, 1.0]",0.9424842120582635,0.92475,"[-0.9480908944935509, -0.9302301846918417, -0.9433870915060543, -0.938701121020691]",0.9019596188769129,0.9247389909107664,0.9225531871016555,0.9205838061725607,"[0.9019596188769119, 0.9247389909107684, 0.9225531871016495, 0.9205838061725536]","[0.5, 0.5, 0.5, 0.5]","[1.486206896551724, 1.486206896551724, 1.486206896551724, 1.486206896551724]",0.9999999997355044,1.0,"[-0.9999999997466803, -0.9999999998807907, -0.9999999994188548, -0.9999999998956919]",1.1734227223451754,0.7636724286880474,1.2750124198998214,0.7612072040547666,"[1.1734227223452096, 0.7636724286880001, 1.2750124198998796, 0.7612072040547193]","[0.5, 0.5, 0.5, 0.5]","[2.3551724137931034, 0.9, 2.3551724137931034, 0.9]",0.9826762436917961,0.96196875,"[0.6471977028844267, -0.9999963820502162, 0.8626175834799651, -0.9999956049695611]","[0.5, 0.5, 0.5, 0.5]","[2.5, 2.5, 2.5, 2.5]","[-0.5, -0.5, -0.5, -0.5]",1.0,0.0,0.0,0.0,1.8204337397104096,0.3,1.08,1.0,0.297125,0.7095613472844807,0.34153125,"[0.2995638751925981, -0.2613083841562802, 0.3004091895044148, -0.03823172305835033]",0.7095613472844807,0.34153125,"[0.2995638751925981, -0.2613083841562802, 0.3004091895044148, -0.03823172305835033]",0.6387449925577373,0.25628125,"[0.11360770499102829, -0.32418573504580184, 0.059712461096896166, -0.1606929822188128]",0.6387449925577373,0.25628125,"[0.11360770499102829, -0.32418573504580184, 0.059712461096896166, -0.1606929822188128]",0.0,0.997680368281086,0.9920625,"[-0.2864909402709454, -0.1411395031157881, -0.2767314414936118, -0.20936105127632618]",0.5,0.0,"[-0.5, -0.5, -0.5, -0.5]",0.5,0.0,"[-0.5, -0.5, -0.5, -0.5]",0.5,0.0,"[-0.5, -0.5, -0.5, -0.5]",0.09775,0.9960991094461933,0.9844375,"[-0.37720118020754306, -0.30488580093660855, -0.3477747140796855, -0.3430521997057367]",0.6641389362388115,0.0985625,"[-0.449894691527824, -0.40783308960998715, -0.4101932150203777, -0.41337118675629947]",0.5850152371655606,0.0634375,"[-0.598040381123095, -0.5752610090892463, -0.5774468128983565, -0.579416193827451]",0.5850152371655606,0.0634375,"[-0.598040381123095, -0.5752610090892463, -0.5774468128983565, -0.579416193827451]",0.3995,0.9926335544971007,0.97540625,"[0.16521015563455876, -0.9153349772873335, 0.43339706958897295, -0.9180606322090608]",0.9926335544971007,0.97540625,"[0.16521015563455876, -0.9153349772873335, 0.43339706958897295, -0.9180606322090608]",0.6526029745050237,0.27121875,"[-0.3265772776548246, -0.7363275713119997, -0.22498758010020217, -0.7387927959452806]",0.6526029745050237,0.27121875,"[-0.3265772776548246, -0.7363275713119997, -0.22498758010020217, -0.7387927959452806]",0.3,0.0,0.3,0.0002569023181786714,0.004248426788097526
td3,20260523_204146,Distillation\Results\distillation_weights_td3_disturb_fluctuation_mismatch_unified\20260523_204146\input_data.pkl,12.31541186451653,4.780718237480462,2.8283763353728975,2.0493335659891136,4.278922705111194,-2.4757971343220584,7.291970217082309,9.108368925590243,7.745739524802199,0.001695860182254906,0.2129398486482404,0.003209822011215857,0.5031266795279429,0.6460153266374281,0.1766875,64.72188423767875,129.36887634614956,0.0,357409.2414402841,389853.4367789134,124.72358443552115,137.53619755242948,TD3 20260523_204146,0.75,0.75,0.75,1.25,"[0.75, 0.75, 0.75, 1.25]","[0.75, 0.75, 0.75, 1.25]","[0.75, 0.75, 0.75, 1.25]",1.0,1.0,"[-1.0, -1.0, -1.0, 1.0]",1.0,1.0,1.0,1.0,"[1.0, 1.0, 1.0, 1.0]","[1.0, 1.0, 1.0, 1.0]","[1.0, 1.0, 1.0, 1.0]",0.5999999999999998,0.0,"[-0.5999999999999548, -0.5999999999999548, -0.5999999999999548, -0.5999999999999548]",0.9791413166505124,0.9798366692062467,0.9787430422361811,0.9740155424761103,"[0.9791413166505116, 0.9798366692062433, 0.9787430422361746, 0.9740155424761082]","[0.8879310344827587, 0.8879310344827587, 0.8879310344827587, 0.8879310344827587]","[1.1051724137931034, 1.1051724137931034, 1.1051724137931034, 1.1051724137931034]",0.999899999653548,0.99975,"[-0.9998999998658895, -0.9998999994933605, -0.9998999994933605, -0.9998999997615814]",0.8458286075828918,0.8675343244565105,0.8567325738488407,1.1247977971271323,"[0.8458286075828366, 0.8675343244564578, 0.8567325738487869, 1.1247977971271936]","[0.756896551724138, 0.756896551724138, 0.756896551724138, 0.8051724137931034]","[1.160344827586207, 1.1948275862068964, 1.1810344827586208, 1.243103448275862]",0.9999345454210415,0.99975,"[-0.9999999997988344, -0.9999999997615814, -0.999999999806285, 0.9484380620680749]","[0.75, 0.75, 0.75, 0.75]","[2.0, 2.0, 2.0, 2.0]","[-0.6, -0.6, -0.6, -0.6]",1.0,0.0,0.0,0.0,1.7435595774162698,1.0,0.25,,,,,,,,,,,,,,,,,,,,,,,,,,,,,,,,,,,,,,,,,,,,,,,,,,,,,,,,,,
td3,20260520_192707,Distillation\Results\distillation_weights_td3_disturb_fluctuation_mismatch_unified\20260520_192707\input_data.pkl,12.333701151693203,3.7496076027724246,1.0391575900939258,2.836009293299395,4.082552535020007,-22.34160274780043,7.291970217082309,2.962195470724212,7.860551907813765,0.0012081483916278849,0.22974078917682728,0.002324398391628092,0.5263771673799835,0.6400744525981252,0.14875,73.16341253539298,146.2617941724422,0.0,352425.0395107239,388429.70265424554,123.6981082083396,137.21670131967483,TD3 20260520_192707,1.160691159566377,0.7500000001396984,1.1688030320284202,1.5002577304817897,"[1.160691159566377, 0.7500000001396984, 1.1688030320284202, 1.5002577304817897]","[0.7501692418009043, 0.75, 0.75, 0.7565668690949678]","[1.9563693702220915, 0.75, 1.9999485295265913, 1.992208007723093]",0.7111435580627748,0.4548125,"[-0.38771267169599744, -1.0, -0.26178651451597396, 0.26179697328660406]",1.0,1.0,1.0,1.0,"[1.0, 1.0, 1.0, 1.0]","[1.0, 1.0, 1.0, 1.0]","[1.0, 1.0, 1.0, 1.0]",0.5999999999999998,0.0,"[-0.5999999999999548, -0.5999999999999548, -0.5999999999999548, -0.5999999999999548]",1.0490194508604744,1.026195679018616,1.1135804732293182,1.0753014151068474,"[1.0490194508604744, 1.026195679018616, 1.1135804732293182, 1.0753014151068474]","[0.75, 0.75, 0.75, 0.75]","[1.9999905172735453, 1.999533198773861, 1.999999888241291, 1.999994883313775]",0.39243333628965266,0.2618125,"[-0.28797481800949604, -0.33386680237709365, -0.19233808224697568, -0.26557297659241735]",0.8492215103906164,0.7894169710550705,1.0594045906513565,1.390518846914979,"[0.8492215103906164, 0.7894169710550705, 1.0594045906513565, 1.390518846914979]","[0.75, 0.75, 0.75, 0.75]","[1.9739518556743854, 0.7642160579562187, 2.0, 2.0]",0.8363991942137955,0.74015625,"[-0.9571001695676241, -0.9658090273504495, -0.17940152363249218, -0.15794498075304364]","[0.75, 0.75, 0.75, 0.75]","[2.0, 2.0, 2.0, 2.0]","[-0.6, -0.6, -0.6, -0.6]",,,,,,,,,,,,,,,,,,,,,,,,,,,,,,,,,,,,,,,,,,,,,,,,,,,,,,,,,,,,,,,,,
sac,20260503_201029,Distillation\Results\distillation_weights_sac_disturb_fluctuation_mismatch_unified\20260503_201029\input_data.pkl,16.681883775352375,3.4972151955688258,-1.4422132389456184,-1.651109523659772,-3.2583905917536664,-4.771885119461924,7.29198445644725,7.409722129877233,11.793165462024387,0.0011831663207376732,0.18765728609003746,0.0022839531966574764,0.5881641866744951,0.5443969062362053,0.10875,83.58579294429975,167.09682281302824,0.0,350627.29951087176,390807.2842790457,123.26949169757852,137.780150380206,SAC 20260503_201029,1.0280341554734513,1.1275229684682881,0.9878956867757006,1.0741654910771286,"[1.0280341554734513, 1.1275229684682881, 0.9878956867757006, 1.0741654910771286]","[0.7736870534718037, 0.846227303147316, 0.7602640483528376, 0.7578684538602829]","[1.414076581131667, 1.7759062927216291, 1.4358210461214178, 1.7936473116278648]",,,,1.0,1.0,1.0,1.0,"[1.0, 1.0, 1.0, 1.0]","[1.0, 1.0, 1.0, 1.0]","[1.0, 1.0, 1.0, 1.0]",,,,0.9051416598501019,0.8957897679194284,0.8502957548791037,0.7881653417450579,"[0.9051416598501019, 0.8957897679194284, 0.8502957548791037, 0.7881653417450579]","[0.7500901371240616, 0.7500675339251757, 0.7500029746443033, 0.7500140778720379]","[1.3348505066242067, 1.5456493562087403, 1.5582756856456392, 1.0388281699270006]",,,,1.0117842636504883,1.006895981592852,0.8382998504250281,0.8174867860764425,"[1.0117842636504883, 1.006895981592852, 0.8382998504250281, 0.8174867860764425]","[0.7660766094923019, 0.7544638719409704, 0.7500046566128731, 0.75]","[1.3069701709318904, 1.447910615010187, 1.0503422394394872, 1.2782698180526482]",,,,"[0.75, 0.75, 0.75, 0.75]","[2.0, 2.0, 2.0, 2.0]","[-0.6, -0.6, -0.6, -0.6]",,,,,,,,,,,,,,,,,,,,,,,,,,,,,,,,,,,,,,,,,,,,,,,,,,,,,,,,,,,,,,,,,
td3,20260519_201951,Distillation\Results\distillation_weights_td3_disturb_fluctuation_mismatch_unified\20260519_201951\input_data.pkl,10.043590885276906,2.2227090817038424,-1.7046608847979183,-2.1768487889634356,1.732688962894769,-9.88459479975441,7.291970217082309,5.614154480620391,7.813389581824413,0.0018008736554785336,0.21603160998702312,0.0033932581361952466,0.5539576835903587,0.6626255545241092,0.175625,64.56716177503473,129.05288851758274,0.0,357455.6952721196,390332.30283056723,124.57497947589748,137.46705345906184,TD3 20260519_201951,0.7644162496030913,1.0966064336420231,0.75,1.6872651517630448,"[0.7644162496030913, 1.0966064336420231, 0.75, 1.6872651517630448]","[0.75, 0.75, 0.75, 0.9001867491751909]","[0.8398003783076999, 1.9170958790928116, 0.75, 2.0]",0.8216442616392733,0.71421875,"[-0.9453176384244579, -0.45030328075092985, -1.0, 0.38451990964287325]",1.0,1.0,1.0,1.0,"[1.0, 1.0, 1.0, 1.0]","[1.0, 1.0, 1.0, 1.0]","[1.0, 1.0, 1.0, 1.0]",0.5999999999999998,0.0,"[-0.5999999999999548, -0.5999999999999548, -0.5999999999999548, -0.5999999999999548]",1.0637546495743444,1.0434336159456288,1.0622358896998558,1.0460600266597757,"[1.0637546495743444, 1.0434336159456288, 1.0622358896998558, 1.0460600266597757]","[0.75, 0.75, 0.75, 0.75]","[2.0, 2.0, 2.0, 2.0]",0.47626360176151716,0.4458125,"[-0.44076009757107965, -0.48246315127961714, -0.4800514584322576, -0.4794405979463685]",0.8128361977651548,0.9468679088760836,0.9160023849467325,0.9346418055834238,"[0.8128361977651548, 0.9468679088760836, 0.9160023849467325, 0.9346418055834238]","[0.75, 0.75, 0.75, 0.75]","[1.398434344097021, 1.999999925494194, 1.9999995920807123, 1.9999994449317455]",0.9998291790800867,0.99965625,"[-0.9957954749609343, -0.9999992126822471, -0.9999996824339032, -0.9999996053799987]","[0.75, 0.75, 0.75, 0.75]","[2.0, 2.0, 2.0, 2.0]","[-0.6, -0.6, -0.6, -0.6]",,,,,,,,,,,,,,,,,,,,,,,,,,,,,,,,,,,,,,,,,,,,,,,,,,,,,,,,,,,,,,,,,
