run_label,coordinate,min,q05,q50,q95,max,abs_q90,abs_q95,abs_q99,fraction_abs_gt_0.04,fraction_abs_gt_0.0475
Guarded Markov latest,y1_u1,-0.05,-0.034316966352972746,-0.00037693490373687054,0.03724959799178365,0.05,0.03625474708896563,0.03937469202896333,0.04848151792287518,0.04551315789473684,0.01855263157894737
Guarded Markov latest,y1_u2,-0.04984825887371265,-0.031053907431576815,0.0010137825027983875,0.03370709130882727,0.05,0.032946483664002116,0.03788117455975368,0.04773006628734974,0.034342105263157896,0.010723684210526316
Guarded Markov latest,y2_u1,-0.05,-0.024015838077819977,0.0015998290742015432,0.032625553691694176,0.05,0.028623300493393015,0.04041122754798519,0.04867956503021925,0.052013157894736844,0.017763157894736842
Guarded Markov latest,y2_u2,-0.049970204942054335,-0.01577234345252911,-3.378400452157695e-05,0.041282670773098794,0.05,0.029843465886027588,0.04275184957883179,0.04897608986426081,0.05957894736842105,0.02243421052631579
Guarded Markov best recent,y1_u1,-0.05,-0.030543680955624236,-0.0006512531527590651,0.01622161599481383,0.05,0.025084473271035284,0.039051274736130154,0.049793377128533815,0.04726315789473684,0.024223684210526317
Guarded Markov best recent,y1_u2,-0.05,-0.011061702434916377,0.00037434410865901953,0.02375916273837076,0.05,0.01700865513414261,0.033354127692097287,0.049854760511904586,0.03834210526315789,0.025052631578947368
Guarded Markov best recent,y2_u1,-0.05,-0.013383063454684352,0.0012110004539810431,0.02726252730224801,0.05,0.023341508132875367,0.035015186596947606,0.04946760347298893,0.03493421052631579,0.016552631578947367
Guarded Markov best recent,y2_u2,-0.049995073267501064,-0.01194296941105812,-1.8888795218871655e-06,0.0288244045103753,0.05,0.016369298550204345,0.037555606613028196,0.049926844547522456,0.04531578947368421,0.02980263157894737
TD3-only no-safeguard best,y1_u1,-0.05,-0.03261275018411484,0.0016668479063210247,0.04992328475299693,0.05,0.04768614720093026,0.04994408059184329,0.05,0.1326842105263158,0.10097368421052631
TD3-only no-safeguard best,y1_u2,-0.05,-0.020324257224052615,0.001334491441693717,0.04029284475787745,0.05,0.035194256367581694,0.04785011333542519,0.04999571167980206,0.07864473684210527,0.05238157894736842
TD3-only no-safeguard best,y2_u1,-0.05,-0.04981198278444325,0.0017121791754216883,0.029639779219911525,0.05,0.049152519048093354,0.04984732258205876,0.05,0.15723684210526315,0.1216578947368421
TD3-only no-safeguard best,y2_u2,-0.05,-0.04492073256437418,0.00024195438806880285,0.04991034240521199,0.05,0.04967002361818658,0.049969929867518054,0.05,0.16373684210526315,0.13730263157894737
