family,run_dir,path,is_latest,state_mode,agent_kind,algorithm,tail_reward,final_reward,rescored_current_tail_reward,rescored_current_final_reward,reward_signature,behavioral_cloning_enabled,post_warm_start_action_freeze_subepisodes,post_warm_start_actor_freeze_subepisodes
residual,20260414_063405,C:/Users/hamediaa/Desktop/RL_assisted_MPC/Distillation/Results/distillation_residual_td3_disturb_fluctuation_mismatch_rho_unified/20260414_063405/input_data.pkl,False,mismatch,td3,td3,-0.38390302626684064,-0.269619433696085,4.304663315744142,5.677874839197233,{},False,,
residual,20260415_191909,C:/Users/hamediaa/Desktop/RL_assisted_MPC/Distillation/Results/distillation_residual_sac_disturb_fluctuation_mismatch_rho_unified/20260415_191909/input_data.pkl,False,mismatch,sac,sac,-0.5284718687439295,-0.4446379342281602,-7.464163597203918,-5.570523348311736,{},False,,
residual,20260417_181426,C:/Users/hamediaa/Desktop/RL_assisted_MPC/Distillation/Results/distillation_residual_td3_disturb_fluctuation_mismatch_rho_unified/20260417_181426/input_data.pkl,False,mismatch,td3,td3,18.098626230241504,20.311556640666883,14.258900294971236,17.62264610414484,{},False,,
residual,20260420_175629,C:/Users/hamediaa/Desktop/RL_assisted_MPC/Distillation/Results/distillation_residual_td3_disturb_fluctuation_mismatch_rho_unified/20260420_175629/input_data.pkl,False,mismatch,td3,td3,16.11246362803875,17.64150643925265,12.43828900092207,14.973896338086744,{},False,,
residual,20260420_180906,C:/Users/hamediaa/Desktop/RL_assisted_MPC/Distillation/Results/distillation_residual_td3_disturb_fluctuation_mismatch_rho_unified/20260420_180906/input_data.pkl,False,mismatch,td3,td3,16.11246362803875,17.64150643925265,12.43828900092207,14.973896338086744,{},False,,
residual,20260425_082259,C:/Users/hamediaa/Desktop/RL_assisted_MPC/Distillation/Results/distillation_residual_td3_disturb_fluctuation_mismatch_rho_unified/20260425_082259/input_data.pkl,False,mismatch,td3,td3,14.096600168073374,10.27492530234997,10.77650797638373,7.167986471626737,{},False,5,5
residual,20260427_194850,C:/Users/hamediaa/Desktop/RL_assisted_MPC/Distillation/Results/distillation_residual_sac_disturb_fluctuation_mismatch_rho_unified/20260427_194850/input_data.pkl,False,mismatch,sac,sac,5.539349936343053,9.535218276879993,2.044933119438958,6.812913874370452,{},False,5,5
residual,20260503_033244,C:/Users/hamediaa/Desktop/RL_assisted_MPC/Distillation/Results/distillation_residual_td3_disturb_fluctuation_mismatch_rho_unified/20260503_033244/input_data.pkl,False,mismatch,td3,td3,17.585236825326966,16.68069150969839,14.640478363846881,14.458767126064554,{},True,5,5
residual,20260507_212833,C:/Users/hamediaa/Desktop/RL_assisted_MPC/Distillation/Results/distillation_residual_td3_disturb_fluctuation_mismatch_rho_unified/20260507_212833/input_data.pkl,False,mismatch,td3,td3,18.82427456677425,17.931060751473805,15.592705462133097,14.984294732151513,{},True,5,5
residual,20260518_135423,C:/Users/hamediaa/Desktop/RL_assisted_MPC/Distillation/Results/distillation_residual_td3_disturb_fluctuation_mismatch_rho_unified/20260518_135423/input_data.pkl,False,mismatch,td3,td3,12.139611088514117,14.345676112024448,12.139611088514117,14.345676112024448,{},True,5,5
residual,20260519_200250,C:/Users/hamediaa/Desktop/RL_assisted_MPC/Distillation/Results/distillation_residual_td3_disturb_fluctuation_mismatch_rho_unified/20260519_200250/input_data.pkl,True,mismatch,td3,td3,13.847922452279851,15.539375179924486,13.847922452279851,15.539375179924486,{},True,5,5
weights,20260414_164410,C:/Users/hamediaa/Desktop/RL_assisted_MPC/Distillation/Results/distillation_weights_td3_disturb_fluctuation_standard_unified/20260414_164410/input_data.pkl,False,standard,td3,td3,-0.2828050943881797,-0.22801771541582863,14.844279643552877,13.388149365843754,{},False,,
weights,20260415_185813,C:/Users/hamediaa/Desktop/RL_assisted_MPC/Distillation/Results/distillation_weights_sac_disturb_fluctuation_standard_unified/20260415_185813/input_data.pkl,False,standard,sac,sac,-0.2502061434889431,-0.21570829458400076,15.477708647530056,14.88542458713663,{},False,,
weights,20260416_192555,C:/Users/hamediaa/Desktop/RL_assisted_MPC/Distillation/Results/distillation_weights_sac_disturb_fluctuation_standard_unified/20260416_192555/input_data.pkl,False,standard,sac,sac,19.29881961699774,17.599055745139786,15.90120689811474,13.802724493194816,{},False,,
weights,20260421_032346,C:/Users/hamediaa/Desktop/RL_assisted_MPC/Distillation/Results/distillation_weights_sac_disturb_fluctuation_standard_unified/20260421_032346/input_data.pkl,False,standard,sac,sac,19.173890553772498,16.38836031433989,15.900265387210514,13.458976828381912,{},False,,
weights,20260421_122627,C:/Users/hamediaa/Desktop/RL_assisted_MPC/Distillation/Results/distillation_weights_sac_disturb_fluctuation_standard_unified/20260421_122627/input_data.pkl,False,standard,sac,sac,19.173890553772498,16.38836031433989,15.900265387210514,13.458976828381912,{},False,,
weights,20260503_201029,C:/Users/hamediaa/Desktop/RL_assisted_MPC/Distillation/Results/distillation_weights_sac_disturb_fluctuation_mismatch_unified/20260503_201029/input_data.pkl,False,mismatch,sac,sac,16.681883775352375,14.87693606888713,11.855764805612555,10.261034103601055,{},False,5,5
weights,20260507_214023,C:/Users/hamediaa/Desktop/RL_assisted_MPC/Distillation/Results/distillation_weights_sac_disturb_fluctuation_mismatch_unified/20260507_214023/input_data.pkl,False,mismatch,sac,sac,20.578899289492874,19.982393814497815,15.946161150218327,15.766073879709188,{},False,5,5
weights,20260518_142138,C:/Users/hamediaa/Desktop/RL_assisted_MPC/Distillation/Results/distillation_weights_sac_disturb_fluctuation_mismatch_unified/20260518_142138/input_data.pkl,False,mismatch,sac,sac,15.884733825109413,14.294553979510875,15.884733825109413,14.294553979510875,{},False,5,5
weights,20260519_201951,C:/Users/hamediaa/Desktop/RL_assisted_MPC/Distillation/Results/distillation_weights_td3_disturb_fluctuation_mismatch_unified/20260519_201951/input_data.pkl,True,mismatch,td3,td3,10.043590885276906,10.930228913271751,10.043590885276906,10.930228913271751,{},False,5,5
horizon,20260415_185508,C:/Users/hamediaa/Desktop/RL_assisted_MPC/Distillation/Results/distillation_horizon_disturb_fluctuation_standard_unified/20260415_185508/input_data.pkl,False,standard,,ddqn,-0.37355486551268335,-0.329770909500172,13.456615228374414,15.078071162176789,"{'k_rel': [0.03, 0.004], 'band_floor_phys': [0.0007, 0.06], 'Q_diag': [37000.0, 1500.0], 'R_diag': [2500.0, 2500.0], 'beta': 5.0, 'reward_scale': 0.1}",False,,
horizon,20260416_192434,C:/Users/hamediaa/Desktop/RL_assisted_MPC/Distillation/Results/distillation_horizon_disturb_fluctuation_standard_unified/20260416_192434/input_data.pkl,False,standard,,ddqn,17.873307689258137,19.432834830595958,13.107296584069303,15.85495150983474,"{'k_rel': [0.3, 0.02], 'band_floor_phys': [0.003, 0.3], 'Q_diag': [37000.0, 1500.0], 'R_diag': [2500.0, 2500.0], 'beta': 7.0, 'reward_scale': 1.0}",False,,
horizon,20260420_175006,C:/Users/hamediaa/Desktop/RL_assisted_MPC/Distillation/Results/distillation_horizon_disturb_fluctuation_standard_unified/20260420_175006/input_data.pkl,False,standard,,ddqn,18.73861806276846,13.349763953332058,14.37044013520836,10.471747845399115,"{'k_rel': [0.3, 0.02], 'band_floor_phys': [0.003, 0.3], 'Q_diag': [37000.0, 1500.0], 'R_diag': [2500.0, 2500.0], 'beta': 7.0, 'reward_scale': 1.0}",False,,
horizon,20260507_214708,C:/Users/hamediaa/Desktop/RL_assisted_MPC/Distillation/Results/distillation_horizon_disturb_fluctuation_mismatch_unified/20260507_214708/input_data.pkl,False,mismatch,,ddqn,19.966851315929752,19.120523039491953,14.857097653022942,15.35046777421065,"{'k_rel': [0.3, 0.02], 'band_floor_phys': [0.003, 0.3], 'Q_diag': [37000.0, 1500.0], 'R_diag': [2500.0, 2500.0], 'beta': 7.0, 'reward_scale': 1.0}",False,,
horizon,20260518_141636,C:/Users/hamediaa/Desktop/RL_assisted_MPC/Distillation/Results/distillation_horizon_disturb_fluctuation_mismatch_unified/20260518_141636/input_data.pkl,False,mismatch,,ddqn,15.60915872436587,14.675913038881177,15.60915872436587,14.675913038881177,"{'k_rel': [0.3, 0.01], 'band_floor_phys': [0.003, 0.2], 'Q_diag': [37000.0, 5000.0], 'R_diag': [2500.0, 2500.0], 'beta': 7.0, 'reward_scale': 1.0}",False,,
horizon,20260519_202111,C:/Users/hamediaa/Desktop/RL_assisted_MPC/Distillation/Results/distillation_horizon_disturb_fluctuation_mismatch_unified/20260519_202111/input_data.pkl,True,mismatch,,ddqn,16.922244186504216,14.890792661340617,16.922244186504216,14.890792661340617,"{'k_rel': [0.3, 0.01], 'band_floor_phys': [0.003, 0.2], 'Q_diag': [37000.0, 5000.0], 'R_diag': [2500.0, 2500.0], 'beta': 7.0, 'reward_scale': 1.0}",False,,
dueling,20260410_114609,C:/Users/hamediaa/Desktop/RL_assisted_MPC/Distillation/Results/distillation_dueling_horizon_disturb_fluctuation_standard_unified/20260410_114609/input_data.pkl,False,standard,,dueling_ddqn,-0.24371764971236876,-0.2688509973975551,17.608490780043315,16.260297646819073,"{'k_rel': [0.08, 0.01], 'band_floor_phys': [0.0015, 0.12], 'Q_diag': [37000.0, 1500.0], 'R_diag': [2500.0, 2500.0], 'beta': 2.0, 'reward_scale': 0.1}",False,,
dueling,20260410_123505,C:/Users/hamediaa/Desktop/RL_assisted_MPC/Distillation/Results/distillation_dueling_horizon_disturb_fluctuation_standard_unified/20260410_123505/input_data.pkl,False,standard,,dueling_ddqn,-0.24371764971236876,-0.2688509973975551,17.608490780043315,16.260297646819073,"{'k_rel': [0.08, 0.01], 'band_floor_phys': [0.0015, 0.12], 'Q_diag': [37000.0, 1500.0], 'R_diag': [2500.0, 2500.0], 'beta': 2.0, 'reward_scale': 0.1}",False,,
dueling,20260415_185837,C:/Users/hamediaa/Desktop/RL_assisted_MPC/Distillation/Results/distillation_dueling_horizon_disturb_fluctuation_standard_unified/20260415_185837/input_data.pkl,False,standard,,dueling_ddqn,-0.3477675892966724,-0.2848578026350213,14.501192030701182,15.365844322585474,"{'k_rel': [0.03, 0.004], 'band_floor_phys': [0.0007, 0.06], 'Q_diag': [37000.0, 1500.0], 'R_diag': [2500.0, 2500.0], 'beta': 5.0, 'reward_scale': 0.1}",False,,
dueling,20260416_192302,C:/Users/hamediaa/Desktop/RL_assisted_MPC/Distillation/Results/distillation_dueling_horizon_disturb_fluctuation_standard_unified/20260416_192302/input_data.pkl,False,standard,,dueling_ddqn,19.86730166778991,18.913929638607545,15.770067580122378,14.745388001026413,"{'k_rel': [0.3, 0.02], 'band_floor_phys': [0.003, 0.3], 'Q_diag': [37000.0, 1500.0], 'R_diag': [2500.0, 2500.0], 'beta': 7.0, 'reward_scale': 1.0}",False,,
dueling,20260417_182757,C:/Users/hamediaa/Desktop/RL_assisted_MPC/Distillation/Results/distillation_dueling_horizon_disturb_fluctuation_standard_unified/20260417_182757/input_data.pkl,False,standard,,dueling_ddqn,19.558429852978147,19.778002393996168,15.440343662144446,16.420118576419295,"{'k_rel': [0.3, 0.02], 'band_floor_phys': [0.003, 0.3], 'Q_diag': [37000.0, 1500.0], 'R_diag': [2500.0, 2500.0], 'beta': 7.0, 'reward_scale': 1.0}",False,,
dueling,20260420_173113,C:/Users/hamediaa/Desktop/RL_assisted_MPC/Distillation/Results/distillation_dueling_horizon_disturb_fluctuation_standard_unified/20260420_173113/input_data.pkl,False,standard,,dueling_ddqn,19.86730166778991,18.913929638607545,15.770067580122378,14.745388001026413,"{'k_rel': [0.3, 0.02], 'band_floor_phys': [0.003, 0.3], 'Q_diag': [37000.0, 1500.0], 'R_diag': [2500.0, 2500.0], 'beta': 7.0, 'reward_scale': 1.0}",False,,
dueling,20260503_030137,C:/Users/hamediaa/Desktop/RL_assisted_MPC/Distillation/Results/distillation_dueling_horizon_disturb_fluctuation_mismatch_unified/20260503_030137/input_data.pkl,False,mismatch,,dueling_ddqn,19.66404696235869,17.703599807790106,14.109900861212498,11.141886507778596,"{'k_rel': [0.3, 0.02], 'band_floor_phys': [0.003, 0.3], 'Q_diag': [37000.0, 1500.0], 'R_diag': [2500.0, 2500.0], 'beta': 7.0, 'reward_scale': 1.0}",False,,
dueling,20260507_214004,C:/Users/hamediaa/Desktop/RL_assisted_MPC/Distillation/Results/distillation_dueling_horizon_disturb_fluctuation_mismatch_unified/20260507_214004/input_data.pkl,False,mismatch,,dueling_ddqn,19.66404696235869,17.703599807790106,14.109900861212498,11.141886507778596,"{'k_rel': [0.3, 0.02], 'band_floor_phys': [0.003, 0.3], 'Q_diag': [37000.0, 1500.0], 'R_diag': [2500.0, 2500.0], 'beta': 7.0, 'reward_scale': 1.0}",False,,
dueling,20260511_131656,C:/Users/hamediaa/Desktop/RL_assisted_MPC/Distillation/Results/distillation_dueling_horizon_disturb_fluctuation_mismatch_unified/20260511_131656/input_data.pkl,False,mismatch,,dueling_ddqn,0.1592270351914868,0.023135443293544354,14.388136913702416,12.789861054357509,"{'k_rel': [0.3, 0.02], 'band_floor_phys': [0.003, 0.3], 'Q_diag': [5300.0, 1500.0], 'R_diag': [2500.0, 2500.0], 'beta': 3.0, 'reward_scale': 1.0}",False,,
dueling,20260516_162510,C:/Users/hamediaa/Desktop/RL_assisted_MPC/Distillation/Results/distillation_dueling_horizon_disturb_fluctuation_mismatch_unified/20260516_162510/input_data.pkl,False,mismatch,,dueling_ddqn,19.970843722980533,20.38159135937976,14.925981986577867,15.918458816729,"{'k_rel': [0.3, 0.02], 'band_floor_phys': [0.003, 0.3], 'Q_diag': [37000.0, 1500.0], 'R_diag': [2500.0, 2500.0], 'beta': 7.0, 'reward_scale': 1.0}",False,,
dueling,20260518_140746,C:/Users/hamediaa/Desktop/RL_assisted_MPC/Distillation/Results/distillation_dueling_horizon_disturb_fluctuation_mismatch_unified/20260518_140746/input_data.pkl,False,mismatch,,dueling_ddqn,15.858544470973863,16.7153085649121,15.858544470973863,16.7153085649121,"{'k_rel': [0.3, 0.01], 'band_floor_phys': [0.003, 0.2], 'Q_diag': [37000.0, 5000.0], 'R_diag': [2500.0, 2500.0], 'beta': 7.0, 'reward_scale': 1.0}",False,,
dueling,20260519_204534,C:/Users/hamediaa/Desktop/RL_assisted_MPC/Distillation/Results/distillation_dueling_horizon_disturb_fluctuation_mismatch_unified/20260519_204534/input_data.pkl,True,mismatch,,dueling_ddqn,14.605801590429559,15.326029930428467,14.605801590429559,15.326029930428467,"{'k_rel': [0.3, 0.01], 'band_floor_phys': [0.003, 0.2], 'Q_diag': [37000.0, 5000.0], 'R_diag': [2500.0, 2500.0], 'beta': 7.0, 'reward_scale': 1.0}",False,,
markov,20260511_125138,C:/Users/hamediaa/Desktop/RL_assisted_MPC/Distillation/Results/distillation_markov_td3_disturb_fluctuation_unified/20260511_125138/input_data.pkl,False,,td3,,-2.3082026469084873,-2.0598458392764734,2.4944107918200986,2.085240885567371,"{'k_rel': [0.3, 0.02], 'band_floor_phys': [0.003, 0.3], 'Q_diag': [5300.0, 1500.0], 'R_diag': [2500.0, 2500.0], 'beta': 3.0, 'reward_scale': 1.0}",True,,
markov,20260512_090635,C:/Users/hamediaa/Desktop/RL_assisted_MPC/Distillation/Results/distillation_markov_td3_disturb_fluctuation_unified/20260512_090635/input_data.pkl,False,,td3,,17.61403970037187,16.319517332845002,14.243983810193734,13.361268543847244,"{'k_rel': [0.3, 0.02], 'band_floor_phys': [0.003, 0.3], 'Q_diag': [37000.0, 1500.0], 'R_diag': [2500.0, 2500.0], 'beta': 7.0, 'reward_scale': 1.0}",True,,
markov,20260516_161548,C:/Users/hamediaa/Desktop/RL_assisted_MPC/Distillation/Results/distillation_markov_td3_disturb_fluctuation_td3_without_ls_unified/20260516_161548/input_data.pkl,False,,td3,,17.28742907289394,16.047458252337012,13.887964870486403,13.109209729024531,"{'k_rel': [0.3, 0.02], 'band_floor_phys': [0.003, 0.3], 'Q_diag': [37000.0, 1500.0], 'R_diag': [2500.0, 2500.0], 'beta': 7.0, 'reward_scale': 1.0}",True,,
markov,20260516_164437,C:/Users/hamediaa/Desktop/RL_assisted_MPC/Distillation/Results/distillation_markov_td3_disturb_fluctuation_ls_only_unified/20260516_164437/input_data.pkl,False,,td3,,17.52906757350404,16.24226086215685,14.126370154223926,13.223269985039176,"{'k_rel': [0.3, 0.02], 'band_floor_phys': [0.003, 0.3], 'Q_diag': [37000.0, 1500.0], 'R_diag': [2500.0, 2500.0], 'beta': 7.0, 'reward_scale': 1.0}",True,,
markov,20260516_172018,C:/Users/hamediaa/Desktop/RL_assisted_MPC/Distillation/Results/distillation_markov_td3_disturb_fluctuation_unified/20260516_172018/input_data.pkl,False,,td3,,17.529066299208623,16.2422615840703,14.126369314772749,13.223270547396167,"{'k_rel': [0.3, 0.02], 'band_floor_phys': [0.003, 0.3], 'Q_diag': [37000.0, 1500.0], 'R_diag': [2500.0, 2500.0], 'beta': 7.0, 'reward_scale': 1.0}",True,,
markov,20260516_172707,C:/Users/hamediaa/Desktop/RL_assisted_MPC/Distillation/Results/distillation_markov_td3_disturb_fluctuation_relaxed_acceptance_unified/20260516_172707/input_data.pkl,False,,td3,,17.375942198706607,16.218525956482253,13.988464473771652,13.195952532993553,"{'k_rel': [0.3, 0.02], 'band_floor_phys': [0.003, 0.3], 'Q_diag': [37000.0, 1500.0], 'R_diag': [2500.0, 2500.0], 'beta': 7.0, 'reward_scale': 1.0}",True,,
markov,20260516_200353,C:/Users/hamediaa/Desktop/RL_assisted_MPC/Distillation/Results/distillation_markov_td3_disturb_fluctuation_td3_only_no_safeguard_unified/20260516_200353/input_data.pkl,False,,td3,,18.050186856097078,19.219474767529444,13.208100368016778,15.208506730152147,"{'k_rel': [0.3, 0.02], 'band_floor_phys': [0.003, 0.3], 'Q_diag': [37000.0, 1500.0], 'R_diag': [2500.0, 2500.0], 'beta': 7.0, 'reward_scale': 1.0}",True,,
markov,20260518_091937,C:/Users/hamediaa/Desktop/RL_assisted_MPC/Distillation/Results/distillation_markov_td3_disturb_fluctuation_td3_only_no_safeguard_unified/20260518_091937/input_data.pkl,False,,td3,,21.978394021344364,22.222884766866184,21.978394021344364,22.222884766866184,"{'k_rel': [0.3, 0.01], 'band_floor_phys': [0.003, 0.2], 'Q_diag': [37000.0, 5000.0], 'R_diag': [2500.0, 2500.0], 'beta': 7.0, 'reward_scale': 1.0}",True,,
markov,20260518_184548,C:/Users/hamediaa/Desktop/RL_assisted_MPC/Distillation/Results/distillation_markov_td3_disturb_fluctuation_unified/20260518_184548/input_data.pkl,False,,td3,,21.24724142158285,20.386346010228113,21.24724142158285,20.386346010228113,"{'k_rel': [0.3, 0.01], 'band_floor_phys': [0.003, 0.2], 'Q_diag': [37000.0, 5000.0], 'R_diag': [2500.0, 2500.0], 'beta': 7.0, 'reward_scale': 1.0}",False,,
markov,20260519_210736,C:/Users/hamediaa/Desktop/RL_assisted_MPC/Distillation/Results/distillation_markov_td3_disturb_fluctuation_unified/20260519_210736/input_data.pkl,True,,td3,,17.349703707013237,14.611994782234968,17.349703707013237,14.611994782234968,"{'k_rel': [0.3, 0.01], 'band_floor_phys': [0.003, 0.2], 'Q_diag': [37000.0, 5000.0], 'R_diag': [2500.0, 2500.0], 'beta': 7.0, 'reward_scale': 1.0}",False,,
