ls_accepted,live_accepted,live_fallback,live_gain_drift
0,0,1,0.0
0,0,1,0.0
0,0,1,0.0
0,0,1,0.0
0,0,1,0.0
0,0,1,0.0
0,0,1,0.0
0,0,1,0.0
0,0,1,0.0
1,1,0,0.049978122978752995
1,1,0,0.049978128740501816
1,1,0,0.04999999999713203
1,1,0,0.04999999999713203
1,1,0,0.04999999999713203
1,1,0,0.04999999999713203
1,1,0,0.04999999999713203
1,1,0,0.04999999999713203
1,1,0,0.04999999999713203
1,1,0,0.04999999999713203
1,1,0,0.04999999999713203
1,1,0,0.04999999999713203
1,1,0,0.04999999999713203
1,1,0,0.04999999999713203
1,1,0,0.04999999999713203
1,1,0,0.04999999999713203
1,1,0,0.04999999999713203
1,1,0,0.04999999999713203
1,1,0,0.04999999999713203
1,1,0,0.04999999999713203
1,1,0,0.04999999999713203
