best_s_pred,ls_s_pred,best_gain_drift,ls_gain_drift
0.0,0.0,0.0,0.0
0.0,0.0,0.0,0.0
0.0,0.0,0.0,0.0
0.0,0.0,0.0,0.0
0.0,0.0,0.0,0.0
0.0,0.0,0.0,0.0
0.0,0.0,0.0,0.0
0.0,0.0,0.0,0.0
0.0,0.0,0.0,0.0
0.0008739221245262105,0.001050325957308612,0.042468306105352405,0.049978122978752995
0.002380703242112053,0.002887194673681888,0.042468306105352405,0.049978128740501816
0.0045235051759621335,0.005564880776725522,0.042468306105352405,0.04999999999713203
0.007215395706205013,0.009048856924800907,0.042468306105352405,0.04999999999713203
0.010332594177168712,0.013262125410217939,0.042468306105352405,0.04999999999713203
0.013741585501642188,0.018105168884957456,0.042468306105352405,0.04999999999713203
0.017310543568588427,0.023462794812629872,0.042468306105352405,0.04999999999713203
0.02091495769179454,0.029207826112684975,0.042468306105352405,0.04999999999713203
0.02444117132561709,0.03520499901404112,0.042468306105352405,0.04999999999713203
0.02778900542449571,0.041315894426172735,0.042468306105352405,0.04999999999713203
0.03087374646103393,0.047404296133418074,0.042468306105352405,0.04999999999713203
0.03362736334163054,0.05334150715397674,0.042468306105352405,0.04999999999713203
0.03599892605112921,0.059010930888486586,0.042468306105352405,0.04999999999713203
0.037954237318545206,0.06431166168103493,0.042468306105352405,0.04999999999713203
0.03947477164756287,0.06916086707039033,0.042468306105352405,0.04999999999713203
0.04055609481133694,0.07349498614514578,0.042468306105352405,0.04999999999713203
0.04120595853159238,0.07726987272124893,0.042468306105352405,0.04999999999713203
0.04144218816511448,0.08045999537526745,0.042468306105352405,0.04999999999713203
0.041290529136653556,0.08305692645717817,0.042468306105352405,0.04999999999713203
0.04153760821032727,0.08506733804226803,0.011990438999953645,0.04999999999713203
0.043689694863112374,0.08545203509634154,0.011990438999953645,0.04999999999713203
